SURVEY,CASE_ID,STATE,SQFT_BINNED,EDUC_BINNED,INCOME_BINNED,PN2,STANCE,INFLNC_PPLTALK,BUY_LEASE
ADOPTER,1342,4,1,4,5,4,2,4,2
ADOPTER,1343,4,2,2,4,4,5,3,2
ADOPTER,1344,4,4,99,99,4,90,3,1
ADOPTER,1345,4,,2,3,1,5,2,99
ADOPTER,1346,4,4,2,1,3,3,2,2
ADOPTER,1347,4,2,3,95,5,3,4,1
ADOPTER,1348,4,2,4,5,5,1,3,1
ADOPTER,1349,4,3,3,5,5,2,4,2
ADOPTER,1350,4,2,3,3,3,4,2,2
ADOPTER,1351,4,3,3,1,5,3,4,2
ADOPTER,1352,4,2,3,4,5,1,4,99
ADOPTER,1353,2,1,2,95,2,5,1,2
ADOPTER,1354,2,4,,95,3,4,4,2
ADOPTER,1355,2,2,,4,4,3,4,2
ADOPTER,1356,1,4,3,4,4,4,4,99
ADOPTER,1357,4,3,2,3,5,2,4,2
ADOPTER,1358,4,3,4,99,5,3,4,99
ADOPTER,1359,4,,3,5,98,90,3,1
ADOPTER,1360,4,3,2,3,3,97,3,2
ADOPTER,1361,4,4,3,5,4,2,2,2
ADOPTER,1362,4,3,4,2,5,2,4,1
ADOPTER,1363,4,,3,5,4,4,2,2
ADOPTER,1364,4,4,3,3,4,4,4,2
ADOPTER,1365,4,3,4,99,3,3,2,1
ADOPTER,1366,4,2,4,3,4,2,2,2
ADOPTER,1367,4,2,4,5,5,2,2,
ADOPTER,1368,1,,2,4,4,4,2,2
ADOPTER,1369,4,1,3,4,4,3,2,2
ADOPTER,1370,4,3,,95,4,3,2,1
ADOPTER,1371,4,3,2,5,3,4,3,2
ADOPTER,1372,4,2,3,4,3,4,4,2
ADOPTER,1373,2,,1,2,5,97,3,99
ADOPTER,1374,4,1,3,1,1,4,3,1
ADOPTER,1375,4,2,2,4,4,4,4,2
ADOPTER,1376,4,1,4,5,3,90,2,1
ADOPTER,1377,4,1,3,2,4,3,3,2
ADOPTER,1378,1,3,3,95,4,99,4,2
ADOPTER,1379,4,4,2,4,4,3,2,1
ADOPTER,1380,2,4,2,4,5,90,2,2
ADOPTER,1381,4,2,3,5,4,2,2,2
ADOPTER,1382,4,2,3,5,1,5,2,1
ADOPTER,1383,4,2,3,4,2,4,2,1
ADOPTER,1384,4,4,1,3,3,4,4,2
ADOPTER,1385,4,2,2,4,4,2,4,2
ADOPTER,1386,1,,1,3,4,4,2,2
ADOPTER,1387,4,2,4,2,3,4,4,2
ADOPTER,1388,4,2,4,4,1,4,1,1
ADOPTER,1389,4,3,4,5,5,3,2,2
ADOPTER,1390,2,2,2,2,5,4,4,2
ADOPTER,1391,4,,4,3,5,3,2,2
ADOPTER,1392,4,2,2,4,4,3,4,2
ADOPTER,1393,4,3,3,4,4,2,3,1
ADOPTER,1394,3,,2,1,5,2,3,1
ADOPTER,1395,4,4,4,5,3,5,3,1
ADOPTER,1396,4,2,2,99,4,99,4,2
ADOPTER,1397,4,4,3,,4,3,2,1
ADOPTER,1398,1,4,2,4,3,3,2,2
ADOPTER,1399,4,3,4,4,3,3,3,2
ADOPTER,1400,4,1,3,99,5,99,2,1
ADOPTER,1401,4,,3,95,5,4,3,99
ADOPTER,1402,4,3,4,4,5,2,2,1
ADOPTER,1403,2,3,4,95,2,4,4,2
ADOPTER,1404,4,1,,95,3,97,2,2
ADOPTER,1405,4,,4,5,4,2,3,1
ADOPTER,1406,1,2,1,2,3,97,2,2
ADOPTER,1407,4,4,4,5,2,4,2,2
ADOPTER,1408,2,,3,4,5,2,2,2
ADOPTER,1409,4,2,2,2,5,3,3,2
ADOPTER,1410,4,2,1,3,3,2,4,2
ADOPTER,1411,2,2,4,5,5,3,4,2
ADOPTER,1412,4,4,3,4,1,5,2,1
ADOPTER,1413,1,3,,5,5,3,3,99
ADOPTER,1414,4,2,2,5,3,3,2,99
ADOPTER,1415,4,,1,95,4,99,1,99
ADOPTER,1416,1,4,4,4,5,4,4,2
ADOPTER,1417,4,4,4,4,1,4,2,1
ADOPTER,1418,2,4,3,4,5,3,1,2
ADOPTER,1419,4,1,1,2,1,3,3,2
ADOPTER,1420,4,4,3,3,3,4,3,2
ADOPTER,1421,4,2,2,5,4,3,4,1
ADOPTER,1422,4,2,3,2,1,5,1,99
ADOPTER,1423,4,4,3,5,4,4,4,2
ADOPTER,1424,4,3,3,95,4,4,3,1
ADOPTER,1425,4,3,2,4,4,1,3,1
ADOPTER,1426,4,2,,1,5,2,2,2
ADOPTER,1427,4,4,4,4,3,4,4,1
ADOPTER,1428,4,3,2,4,4,97,2,99
ADOPTER,1429,4,3,4,95,4,3,3,1
ADOPTER,1430,4,1,2,2,5,4,4,
ADOPTER,1431,4,4,3,4,4,3,4,1
ADOPTER,1432,2,1,,4,5,90,1,1
ADOPTER,1433,4,2,2,5,1,4,3,2
ADOPTER,1434,4,2,,5,98,3,4,2
ADOPTER,1435,4,2,4,2,1,4,1,2
ADOPTER,1436,4,3,,95,3,5,4,2
ADOPTER,1437,4,2,4,5,3,3,2,1
ADOPTER,1438,4,2,2,2,4,3,3,1
ADOPTER,1439,4,4,4,5,4,3,4,1
ADOPTER,1440,2,3,1,1,5,4,3,2
ADOPTER,1441,1,2,2,95,4,3,3,2
ADOPTER,1442,2,2,2,,3,4,3,99
ADOPTER,1443,4,3,2,4,4,4,2,1
ADOPTER,1444,2,3,2,3,3,3,4,2
ADOPTER,1445,4,3,3,4,4,2,4,1
ADOPTER,1446,1,,1,2,3,3,1,2
ADOPTER,1447,4,1,2,,5,2,3,2
ADOPTER,1448,4,3,3,95,4,3,4,1
ADOPTER,1449,4,3,3,4,3,3,4,2
ADOPTER,1450,4,4,,5,3,90,1,1
ADOPTER,1451,4,3,2,95,3,4,1,99
ADOPTER,1452,4,2,,5,1,4,3,1
ADOPTER,1453,4,1,,4,4,1,4,2
ADOPTER,1454,4,2,4,5,5,1,4,1
ADOPTER,1455,4,2,4,2,5,3,3,2
ADOPTER,1456,4,4,2,,4,4,99,99
ADOPTER,1457,4,3,2,2,3,4,3,1
ADOPTER,1458,4,,2,95,4,2,3,2
ADOPTER,1459,4,3,2,2,3,97,2,2
ADOPTER,1460,4,3,2,4,2,3,4,1
ADOPTER,1461,2,,4,5,4,3,2,2
ADOPTER,1462,4,2,3,3,3,3,3,2
ADOPTER,1463,2,4,3,4,5,4,4,
ADOPTER,1464,1,1,3,,5,2,2,2
ADOPTER,1465,2,,1,1,99,99,99,2
ADOPTER,1466,1,1,2,3,4,2,2,2
ADOPTER,1467,4,2,3,2,5,2,3,2
ADOPTER,1468,2,,1,1,5,3,3,2
ADOPTER,1469,1,,1,3,5,97,3,2
ADOPTER,1470,4,2,2,,3,4,4,2
ADOPTER,1471,4,4,3,2,4,5,3,2
ADOPTER,1472,4,4,3,4,5,3,3,2
ADOPTER,1473,4,2,3,5,4,3,3,1
ADOPTER,1474,4,3,4,95,5,2,4,2
ADOPTER,1475,2,,4,5,5,2,3,2
ADOPTER,1476,4,3,2,4,4,3,3,2
ADOPTER,1477,4,3,,3,3,5,4,1
ADOPTER,1478,4,2,3,95,5,97,1,2
ADOPTER,1479,4,1,2,2,4,97,3,2
ADOPTER,1480,2,,2,5,4,3,3,2
ADOPTER,1481,4,2,4,2,5,4,3,2
ADOPTER,1482,4,3,99,99,5,3,3,2
ADOPTER,1483,4,1,2,2,3,4,3,1
ADOPTER,1484,4,2,4,4,1,4,2,2
ADOPTER,1485,4,2,2,4,1,99,3,2
ADOPTER,1486,4,3,3,5,4,97,4,1
ADOPTER,1487,1,2,4,95,5,2,1,2
ADOPTER,1488,4,2,3,3,4,2,4,2
ADOPTER,1489,4,3,4,4,2,4,3,2
ADOPTER,1490,4,2,2,2,3,4,2,2
ADOPTER,1491,2,2,4,5,1,4,4,99
ADOPTER,1492,2,1,3,95,4,3,3,2
ADOPTER,1493,4,3,3,5,4,3,3,1
ADOPTER,1494,1,,1,1,3,97,2,2
ADOPTER,1495,4,4,4,95,5,4,4,1
ADOPTER,1496,4,1,2,5,4,2,2,2
ADOPTER,1497,4,1,4,3,3,3,2,2
ADOPTER,1498,4,2,3,2,1,3,3,2
ADOPTER,1499,4,3,2,3,2,4,5,2
ADOPTER,1500,4,1,2,5,3,99,99,99
ADOPTER,1501,4,4,3,5,3,97,4,1
ADOPTER,1502,4,4,4,4,5,2,2,99
ADOPTER,1503,4,1,2,1,5,4,1,2
ADOPTER,1504,4,3,2,4,4,4,4,2
ADOPTER,1505,4,,4,5,3,4,3,1
ADOPTER,1506,4,4,4,5,2,97,2,1
ADOPTER,1507,4,2,3,4,4,3,4,2
ADOPTER,1508,1,,3,3,5,2,4,2
ADOPTER,1509,4,4,4,95,5,2,1,
ADOPTER,1510,4,3,3,4,98,97,4,2
ADOPTER,1511,4,1,2,3,3,3,4,1
ADOPTER,1512,4,4,3,4,4,3,4,1
ADOPTER,1513,4,2,2,5,1,3,5,2
ADOPTER,1514,2,,4,4,5,3,3,2
ADOPTER,1515,4,1,2,1,3,4,3,1
ADOPTER,1516,1,2,2,4,4,4,4,2
ADOPTER,1517,4,2,4,2,4,3,3,1
ADOPTER,1518,4,1,1,95,4,97,3,2
ADOPTER,1519,4,3,3,5,3,3,3,1
ADOPTER,1520,4,2,1,5,5,3,2,1
ADOPTER,1521,4,1,4,5,5,3,1,1
ADOPTER,1522,2,2,,4,3,4,3,2
ADOPTER,1523,2,,4,5,4,3,2,2
ADOPTER,1524,4,1,3,3,1,5,4,
ADOPTER,1525,4,2,3,4,5,2,3,2
ADOPTER,1526,1,,1,2,5,3,4,2
ADOPTER,1527,4,4,,4,1,5,3,2
ADOPTER,1528,4,,2,5,5,3,3,2
ADOPTER,1529,4,2,2,2,4,4,2,2
ADOPTER,1530,4,1,2,95,3,97,3,2
ADOPTER,1531,2,,2,2,5,1,4,2
ADOPTER,1532,4,2,2,4,4,4,3,2
ADOPTER,1533,4,2,1,2,4,90,2,1
ADOPTER,1534,1,2,4,,4,2,4,2
ADOPTER,1535,2,2,4,5,5,97,2,2
ADOPTER,1536,4,1,,5,5,1,3,1
ADOPTER,1537,4,3,,3,4,2,2,2
ADOPTER,1538,4,,1,1,3,3,3,2
ADOPTER,1539,1,2,4,5,5,3,4,2
ADOPTER,1540,4,1,1,,4,2,3,2
ADOPTER,1541,4,4,2,95,3,4,4,99
ADOPTER,1542,4,2,2,2,5,5,2,2
ADOPTER,1543,2,4,4,99,4,97,4,2
ADOPTER,1544,4,4,3,2,2,4,3,1
ADOPTER,1545,4,2,1,4,5,3,2,2
ADOPTER,1546,4,4,3,5,1,4,3,2
ADOPTER,1547,1,2,4,5,5,2,1,2
ADOPTER,1548,4,2,1,3,3,97,1,99
ADOPTER,1549,4,2,2,1,5,2,3,2
ADOPTER,1550,4,3,2,,3,4,2,2
ADOPTER,1551,4,3,2,2,4,97,2,1
ADOPTER,1552,4,2,4,5,2,4,4,1
ADOPTER,1553,3,1,2,4,5,90,5,1
ADOPTER,1554,4,1,4,95,4,3,1,2
ADOPTER,1555,4,1,2,5,3,2,4,2
ADOPTER,1556,4,1,1,1,1,97,2,2
ADOPTER,1557,4,4,,4,4,3,4,2
ADOPTER,1558,4,2,3,4,1,4,3,2
ADOPTER,1559,1,1,,4,4,3,4,2
ADOPTER,1560,4,4,3,2,1,5,4,2
ADOPTER,1561,4,4,3,5,4,2,2,2
ADOPTER,1562,4,4,2,3,4,2,4,2
ADOPTER,1563,4,2,1,3,3,97,2,
ADOPTER,1564,4,4,4,95,5,2,2,2
ADOPTER,1565,4,4,4,5,4,3,4,2
ADOPTER,1566,4,2,1,3,4,3,4,1
ADOPTER,1567,4,4,3,5,3,5,3,2
ADOPTER,1568,4,3,2,4,5,1,2,2
ADOPTER,1569,4,2,2,,3,4,3,99
ADOPTER,1570,4,3,1,5,4,3,4,1
ADOPTER,1571,4,,2,99,99,99,2,1
ADOPTER,1572,4,2,4,5,5,1,2,2
ADOPTER,1573,4,1,4,95,3,5,1,1
ADOPTER,1574,4,1,4,5,5,3,4,2
ADOPTER,1575,1,2,4,95,5,2,3,2
ADOPTER,1576,4,2,4,1,5,1,4,
ADOPTER,1577,4,1,3,4,4,3,4,2
ADOPTER,1578,4,4,4,,2,4,2,1
ADOPTER,1579,4,3,2,99,98,5,4,99
ADOPTER,1580,4,1,3,2,5,3,2,1
ADOPTER,1581,4,2,2,2,3,3,1,2
ADOPTER,1582,4,1,2,1,2,4,3,2
ADOPTER,1583,2,1,2,5,3,3,2,2
ADOPTER,1584,4,2,3,4,4,3,3,2
ADOPTER,1585,4,4,3,95,3,4,2,1
ADOPTER,1586,4,2,4,95,4,3,4,2
ADOPTER,1587,4,2,1,5,3,1,1,2
ADOPTER,1588,4,2,,4,4,3,4,2
ADOPTER,1589,4,4,4,5,4,2,3,2
ADOPTER,1590,4,2,4,4,5,3,2,2
ADOPTER,1591,4,2,2,3,5,3,2,2
ADOPTER,1592,1,3,99,99,5,90,1,1
ADOPTER,1593,4,3,3,5,5,3,2,2
ADOPTER,1594,4,2,3,5,2,4,4,2
ADOPTER,1595,4,4,,3,1,5,3,2
ADOPTER,1596,4,,4,4,4,3,1,99
ADOPTER,1597,4,1,3,,4,2,3,2
ADOPTER,1598,4,2,4,5,5,3,3,1
ADOPTER,1599,4,4,3,5,4,4,4,1
ADOPTER,1600,4,2,2,2,3,4,2,2
ADOPTER,1601,4,4,2,4,3,90,5,99
ADOPTER,1602,4,4,4,4,3,4,4,2
ADOPTER,1603,2,,2,99,4,3,3,2
ADOPTER,1604,2,2,3,95,5,2,4,1
ADOPTER,1605,1,2,3,4,5,97,3,2
ADOPTER,1606,4,2,2,2,1,4,2,99
ADOPTER,1607,4,2,,3,3,3,3,2
ADOPTER,1608,2,,2,99,4,97,4,2
ADOPTER,1609,4,3,2,5,5,2,3,99
ADOPTER,1610,4,1,2,2,3,3,3,1
ADOPTER,1611,4,2,3,2,5,3,2,2
ADOPTER,1612,4,2,2,3,3,97,4,99
ADOPTER,1613,4,3,4,95,1,4,1,1
ADOPTER,1614,4,2,2,4,5,2,5,2
ADOPTER,1615,4,,2,3,5,3,4,2
ADOPTER,1616,4,1,3,2,1,4,2,2
ADOPTER,1617,4,3,2,95,3,4,4,2
ADOPTER,1618,4,2,3,1,3,4,4,2
ADOPTER,1619,1,2,3,95,3,4,3,99
ADOPTER,1620,4,2,2,95,98,3,4,
ADOPTER,1621,4,1,4,4,5,3,3,99
ADOPTER,1622,4,2,2,4,4,3,3,99
ADOPTER,1623,4,2,4,3,5,4,3,2
ADOPTER,1624,4,2,3,2,4,2,4,2
ADOPTER,1625,4,3,,95,2,4,1,2
ADOPTER,1626,4,4,99,99,1,5,1,1
ADOPTER,1627,4,2,4,5,3,3,3,2
ADOPTER,1628,4,3,2,5,5,2,2,99
ADOPTER,1629,1,2,2,2,5,3,3,2
ADOPTER,1630,4,2,4,5,3,3,1,2
ADOPTER,1631,2,,2,2,3,97,4,2
ADOPTER,1632,1,2,4,2,3,97,1,2
ADOPTER,1633,1,4,4,5,5,1,2,2
ADOPTER,1634,4,3,4,5,5,90,4,2
ADOPTER,1635,4,2,2,1,3,3,4,2
ADOPTER,1636,4,3,2,3,5,3,4,99
ADOPTER,1637,1,2,3,5,4,2,4,99
ADOPTER,1638,4,2,3,4,5,3,1,2
ADOPTER,1639,4,4,4,95,3,4,4,2
ADOPTER,1640,4,,2,2,3,4,4,2
ADOPTER,1641,1,,4,3,4,2,3,1
ADOPTER,1642,4,1,2,99,5,3,2,2
ADOPTER,1643,4,1,4,2,5,3,3,99
ADOPTER,1644,4,2,2,2,5,5,5,2
ADOPTER,1645,4,2,3,95,5,2,3,2
ADOPTER,1646,4,2,2,1,4,4,2,2
ADOPTER,1647,1,4,4,5,5,3,2,1
ADOPTER,1648,3,4,4,95,1,90,2,1
ADOPTER,1649,4,3,2,4,3,3,5,1
ADOPTER,1650,3,2,3,2,5,2,1,1
ADOPTER,1651,4,2,2,4,4,97,5,1
ADOPTER,1652,2,1,1,99,3,97,3,2
ADOPTER,1653,3,4,4,1,5,4,2,1
ADOPTER,1654,4,3,2,4,4,3,4,2
ADOPTER,1655,1,3,,2,1,4,1,2
ADOPTER,1656,4,2,2,4,4,3,4,2
ADOPTER,1657,4,2,3,1,1,5,1,2
ADOPTER,1658,4,4,4,5,3,4,1,1
ADOPTER,1659,4,4,3,5,4,4,4,1
ADOPTER,1660,4,3,4,5,3,3,2,1
ADOPTER,1661,4,2,3,3,98,97,2,99
ADOPTER,1662,4,,2,5,98,3,2,99
ADOPTER,1663,4,4,,1,3,5,3,1
ADOPTER,1664,4,3,2,3,4,97,2,2
ADOPTER,1665,4,1,2,95,3,90,2,2
ADOPTER,1666,4,1,2,3,5,97,2,2
ADOPTER,1667,2,1,1,95,4,97,4,2
ADOPTER,1668,4,4,4,5,4,4,2,1
ADOPTER,1669,1,,1,1,5,3,2,2
ADOPTER,1670,4,1,4,95,5,3,4,1
ADOPTER,1671,4,4,4,3,3,4,3,1
ADOPTER,1672,4,2,,4,4,2,3,1
ADOPTER,1673,4,2,3,1,3,3,5,2
ADOPTER,1674,4,4,2,95,3,4,4,1
ADOPTER,1675,4,4,4,5,4,3,3,2
ADOPTER,1676,4,2,2,95,4,90,3,99
ADOPTER,1677,4,4,3,99,5,99,4,2
ADOPTER,1678,2,1,2,3,4,97,2,2
ADOPTER,1679,1,2,99,99,5,97,3,2
ADOPTER,1680,4,2,3,3,5,1,2,99
ADOPTER,1681,4,4,3,5,5,3,2,2
ADOPTER,1682,4,1,4,4,5,2,3,2
ADOPTER,1683,4,3,2,2,5,3,4,2
ADOPTER,1684,1,2,3,4,3,3,3,2
ADOPTER,1685,4,2,99,95,3,99,3,2
ADOPTER,1686,3,2,3,2,4,97,3,2
ADOPTER,1687,4,4,3,95,1,99,3,1
ADOPTER,1688,4,4,4,5,5,2,2,1
ADOPTER,1689,1,2,3,4,3,3,4,
ADOPTER,1690,4,1,3,1,1,4,3,2
ADOPTER,1691,1,3,2,5,3,4,3,2
ADOPTER,1692,4,4,3,1,4,5,3,2
ADOPTER,1693,1,1,2,2,3,97,2,2
ADOPTER,1694,4,1,99,99,4,90,4,2
ADOPTER,1695,1,,4,4,2,3,3,1
ADOPTER,1696,4,2,4,95,3,3,4,2
ADOPTER,1697,4,2,1,3,4,2,2,2
ADOPTER,1698,4,,1,4,5,3,5,2
ADOPTER,1699,2,1,99,99,2,97,4,99
ADOPTER,1700,4,2,3,3,4,3,3,2
ADOPTER,1701,4,3,2,2,4,3,3,2
ADOPTER,1702,2,2,4,95,3,5,3,2
ADOPTER,1703,4,3,4,2,5,1,2,99
ADOPTER,1704,4,3,4,3,5,1,1,99
ADOPTER,1705,2,1,2,1,3,3,3,
ADOPTER,1706,4,4,4,95,4,2,1,1
ADOPTER,1707,2,4,,95,5,1,4,1
ADOPTER,1708,1,4,4,95,5,4,3,2
ADOPTER,1709,3,3,3,1,1,4,1,1
ADOPTER,1710,1,1,1,95,3,3,3,2
ADOPTER,1711,2,1,3,2,5,2,3,2
ADOPTER,1712,4,2,2,2,4,4,2,2
ADOPTER,1713,4,2,3,4,5,2,2,2
ADOPTER,1714,2,2,3,5,3,2,2,2
ADOPTER,1715,3,3,4,1,3,3,1,2
ADOPTER,1716,4,4,4,99,5,3,4,1
ADOPTER,1717,4,4,,95,3,3,3,2
ADOPTER,1718,1,2,3,4,3,3,3,99
ADOPTER,1719,3,4,2,1,5,3,4,1
ADOPTER,1720,4,3,2,4,3,4,3,2
ADOPTER,1721,2,,99,99,99,99,3,2
ADOPTER,1722,4,3,,4,1,3,4,2
ADOPTER,1723,2,2,2,2,5,3,2,2
ADOPTER,1724,4,1,2,2,4,4,2,1
ADOPTER,1725,4,3,3,95,5,3,4,1
ADOPTER,1726,4,3,4,4,3,90,2,2
ADOPTER,1727,2,,1,95,4,4,3,1
ADOPTER,1728,2,3,2,4,5,3,2,2
ADOPTER,1729,4,1,4,95,2,5,1,2
ADOPTER,1730,4,1,3,4,4,2,4,2
ADOPTER,1731,4,1,,4,4,4,3,2
ADOPTER,1732,4,2,,5,4,4,4,2
ADOPTER,1733,4,3,2,99,2,5,4,2
ADOPTER,1734,4,4,4,99,3,1,2,1
ADOPTER,1735,4,,2,5,4,3,3,2
ADOPTER,1736,4,4,2,,5,3,1,1
ADOPTER,1737,4,3,3,5,3,4,5,2
ADOPTER,1738,4,1,3,1,5,3,2,2
ADOPTER,1739,4,3,4,4,4,2,4,2
ADOPTER,1740,4,2,3,,4,4,3,99
ADOPTER,1741,4,2,3,4,3,5,4,2
ADOPTER,1742,4,2,2,2,5,97,2,2
ADOPTER,1743,4,4,3,5,3,90,3,1
ADOPTER,1744,4,2,1,95,4,97,4,2
ADOPTER,1745,4,2,2,1,4,3,4,2
ADOPTER,1746,4,1,,2,5,2,3,99
ADOPTER,1747,4,1,4,4,98,97,4,2
ADOPTER,1748,2,,4,4,5,2,3,1
ADOPTER,1749,4,2,99,99,4,4,2,2
ADOPTER,1750,1,1,2,3,5,3,2,99
ADOPTER,1751,4,2,4,4,1,5,1,1
ADOPTER,1752,4,4,,5,2,4,3,1
ADOPTER,1753,2,2,4,5,5,3,4,2
ADOPTER,1754,4,4,4,5,5,2,4,1
ADOPTER,1755,4,2,3,95,5,4,3,2
ADOPTER,1756,4,2,4,4,5,2,4,1
ADOPTER,1757,1,,2,2,5,3,3,2
ADOPTER,1758,2,1,,2,5,2,4,2
ADOPTER,1759,4,4,4,5,4,4,2,2
ADOPTER,1760,2,,4,95,3,4,4,2
ADOPTER,1761,4,4,3,95,5,3,2,1
ADOPTER,1762,2,3,2,95,3,3,4,2
ADOPTER,1763,4,1,2,3,3,2,3,2
ADOPTER,1764,4,3,4,5,4,2,4,2
ADOPTER,1765,2,4,2,,4,5,1,2
ADOPTER,1766,4,1,1,3,4,4,2,2
ADOPTER,1767,4,2,2,3,5,3,2,2
ADOPTER,1768,4,1,3,5,5,3,3,2
ADOPTER,1769,3,2,4,1,5,1,5,1
ADOPTER,1770,3,4,4,95,1,5,4,1
ADOPTER,1771,4,4,3,95,2,4,4,1
ADOPTER,1772,4,2,2,3,3,4,2,1
ADOPTER,1773,4,1,3,2,2,4,2,1
ADOPTER,1774,4,3,2,5,3,97,2,1
ADOPTER,1775,2,2,,5,4,2,3,2
ADOPTER,1776,1,,3,4,4,3,2,2
ADOPTER,1777,2,1,4,2,5,3,4,1
ADOPTER,1778,4,3,2,3,4,4,4,2
ADOPTER,1779,4,3,2,99,4,3,4,2
ADOPTER,1780,1,2,3,5,3,3,3,2
ADOPTER,1781,4,2,4,3,4,3,2,2
ADOPTER,1782,4,4,3,3,3,3,3,2
ADOPTER,1783,4,2,4,3,5,2,4,2
ADOPTER,1784,4,1,2,1,4,97,3,2
ADOPTER,1785,4,4,3,95,3,3,2,2
ADOPTER,1786,4,3,1,4,5,97,2,1
ADOPTER,1787,1,,2,2,5,97,4,2
ADOPTER,1788,4,4,4,95,4,3,2,2
ADOPTER,1789,4,2,2,3,5,3,1,2
ADOPTER,1790,2,,4,5,3,4,3,2
ADOPTER,1791,2,3,3,4,5,3,4,2
ADOPTER,1792,2,,2,4,4,2,1,2
ADOPTER,1793,4,4,,4,1,4,5,2
ADOPTER,1794,4,2,2,3,4,90,3,2
ADOPTER,1795,4,1,2,95,3,4,4,2
ADOPTER,1796,4,2,,95,3,3,2,2
ADOPTER,1797,4,3,3,4,3,3,4,2
ADOPTER,1798,4,2,2,3,3,3,2,1
ADOPTER,1799,4,2,2,1,3,4,2,2
ADOPTER,1800,1,3,3,95,5,2,2,99
ADOPTER,1801,1,1,,3,5,1,3,2
ADOPTER,1802,1,4,2,99,5,99,4,99
ADOPTER,1803,4,3,,2,1,3,2,2
ADOPTER,1804,4,2,1,4,5,2,4,2
ADOPTER,1805,4,3,4,95,3,3,2,2
ADOPTER,1806,4,3,3,4,2,3,4,2
ADOPTER,1807,2,4,2,3,4,4,2,2
ADOPTER,1808,4,2,2,2,1,5,3,1
ADOPTER,1809,4,1,,1,4,3,4,1
ADOPTER,1810,4,3,3,4,5,3,3,2
ADOPTER,1811,1,1,3,3,4,3,4,2
ADOPTER,1812,4,3,,95,4,2,3,2
ADOPTER,1813,4,2,4,2,5,2,3,2
ADOPTER,1814,4,3,2,3,4,97,4,2
ADOPTER,1815,1,2,2,4,2,3,3,2
ADOPTER,1816,4,2,3,2,3,4,4,1
ADOPTER,1817,1,,1,95,5,97,2,2
ADOPTER,1818,1,2,3,3,99,4,3,2
ADOPTER,1819,2,,3,95,98,90,3,1
ADOPTER,1820,4,2,99,99,5,3,3,2
ADOPTER,1821,2,1,2,5,3,3,3,2
ADOPTER,1822,4,2,3,4,2,97,1,2
ADOPTER,1823,4,1,,1,98,3,3,1
ADOPTER,1824,4,1,4,3,5,4,1,2
ADOPTER,1825,2,2,3,2,1,90,1,
ADOPTER,1826,4,,3,4,5,99,3,1
ADOPTER,1827,4,2,4,2,4,4,2,1
ADOPTER,1828,1,,4,3,3,4,4,1
ADOPTER,1829,4,4,,4,3,97,4,1
ADOPTER,1830,1,,2,2,3,4,2,99
ADOPTER,1831,4,1,2,4,3,4,2,2
ADOPTER,1832,4,2,2,3,5,3,2,2
ADOPTER,1833,4,1,2,1,5,5,2,1
ADOPTER,1834,4,2,3,4,4,3,3,99
ADOPTER,1835,2,2,3,,1,2,2,2
ADOPTER,1836,4,4,4,3,3,3,4,
ADOPTER,1837,2,1,2,95,4,90,4,2
ADOPTER,1838,4,1,,3,4,5,3,2
ADOPTER,1839,4,1,2,4,5,3,1,2
ADOPTER,1840,3,4,3,5,3,4,4,2
ADOPTER,1841,4,3,3,2,5,90,5,1
ADOPTER,1842,4,2,2,4,3,3,4,2
ADOPTER,1843,4,2,2,4,99,4,3,1
ADOPTER,1844,1,3,2,,5,4,2,2
ADOPTER,1845,4,3,2,2,3,4,3,99
ADOPTER,1846,4,3,2,1,5,4,3,2
ADOPTER,1847,2,3,3,,98,4,4,2
ADOPTER,1848,4,2,3,95,4,3,4,
ADOPTER,1849,3,1,3,1,1,5,1,2
ADOPTER,1850,4,3,2,4,4,4,3,2
ADOPTER,1851,2,3,,4,5,2,2,2
ADOPTER,1852,3,4,4,5,4,2,2,1
ADOPTER,1853,4,4,3,5,4,4,2,2
ADOPTER,1854,1,1,4,1,5,3,2,2
ADOPTER,1855,4,3,4,2,5,97,3,2
ADOPTER,1856,4,1,1,2,4,3,4,2
ADOPTER,1857,4,,2,1,5,4,4,2
ADOPTER,1858,4,3,4,4,5,3,1,2
ADOPTER,1859,4,2,3,3,4,3,4,2
ADOPTER,1860,1,4,3,95,4,4,4,2
ADOPTER,1861,4,1,,4,4,3,2,2
ADOPTER,1862,3,4,2,1,5,3,4,2
ADOPTER,1863,1,4,3,95,1,5,4,2
ADOPTER,1864,4,,3,4,5,3,4,2
ADOPTER,1865,4,1,,5,3,4,4,99
ADOPTER,1866,4,2,2,2,5,90,4,2
ADOPTER,1867,4,2,1,95,4,97,2,2
ADOPTER,1868,4,1,,3,5,4,2,2
ADOPTER,1869,2,3,2,,4,97,3,2
ADOPTER,1870,4,1,2,4,5,4,4,1
ADOPTER,1871,4,4,4,5,1,4,4,1
ADOPTER,1872,4,4,2,4,4,2,4,99
ADOPTER,1873,4,1,,2,4,3,3,2
ADOPTER,1874,4,2,2,2,1,4,2,2
ADOPTER,1875,4,4,4,95,4,4,4,99
ADOPTER,1876,4,4,4,95,4,97,2,99
ADOPTER,1877,1,2,3,4,5,90,2,2
ADOPTER,1878,4,1,2,1,3,4,5,2
ADOPTER,1879,1,,99,99,4,99,2,2
ADOPTER,1880,4,2,3,2,4,3,2,2
ADOPTER,1881,1,1,1,2,3,3,4,2
ADOPTER,1882,4,2,1,5,3,4,3,2
ADOPTER,1883,4,4,,95,4,4,3,1
ADOPTER,1884,4,2,3,4,4,90,4,99
ADOPTER,1885,4,1,2,3,3,4,3,2
ADOPTER,1886,4,4,4,4,5,3,3,2
ADOPTER,1887,2,1,2,4,3,97,2,2
ADOPTER,1888,4,2,3,3,5,1,4,99
ADOPTER,1889,4,,4,95,4,4,5,1
ADOPTER,1890,4,1,4,99,4,97,2,1
ADOPTER,1891,4,2,4,3,2,99,5,2
ADOPTER,1892,4,4,3,95,2,3,3,1
ADOPTER,1893,4,2,2,95,5,4,3,99
ADOPTER,1894,1,2,4,,5,3,3,2
ADOPTER,1895,4,2,99,95,3,3,1,1
ADOPTER,1896,4,1,1,5,3,4,3,2
ADOPTER,1897,1,,4,5,3,4,3,2
ADOPTER,1898,4,4,2,1,3,3,4,2
ADOPTER,1899,2,2,3,4,4,4,2,2
ADOPTER,1900,2,3,,5,5,4,3,1
ADOPTER,1901,2,3,,5,4,1,4,1
ADOPTER,1902,4,1,2,2,4,3,4,2
ADOPTER,1903,2,1,4,1,5,2,3,2
ADOPTER,1904,4,2,3,1,5,1,3,2
ADOPTER,1905,4,,4,5,2,4,2,1
ADOPTER,1906,2,2,2,,3,4,3,2
ADOPTER,1907,4,4,4,95,1,90,3,1
ADOPTER,1908,4,3,4,5,5,1,3,
ADOPTER,1909,4,1,2,4,3,3,4,1
ADOPTER,1910,4,4,4,5,5,4,2,1
ADOPTER,1911,2,,2,4,5,3,1,1
ADOPTER,1912,4,2,2,3,4,1,3,99
ADOPTER,1913,4,1,2,2,3,97,5,2
ADOPTER,1914,4,3,3,3,5,4,4,1
ADOPTER,1915,4,3,1,1,3,3,3,2
ADOPTER,1916,4,3,3,,4,4,4,1
ADOPTER,1917,2,2,3,5,1,4,2,2
ADOPTER,1918,4,1,,4,3,2,2,1
ADOPTER,1919,4,2,2,2,4,5,4,2
ADOPTER,1920,4,2,2,4,4,4,4,99
ADOPTER,1921,4,2,4,4,3,3,5,2
ADOPTER,1922,4,4,3,3,3,5,2,2
ADOPTER,1923,4,,3,95,3,3,4,2
ADOPTER,1924,1,,2,4,4,3,5,2
ADOPTER,1925,4,2,2,2,5,5,3,2
ADOPTER,1926,4,1,2,,5,3,2,2
ADOPTER,1927,3,1,2,1,3,4,4,2
ADOPTER,1928,4,2,4,4,5,3,1,1
ADOPTER,1929,4,2,3,2,5,2,3,2
ADOPTER,1930,4,3,2,95,3,4,3,99
ADOPTER,1931,4,3,1,3,98,4,2,2
ADOPTER,1932,4,1,2,,1,4,2,2
ADOPTER,1933,2,1,4,4,4,1,2,1
ADOPTER,1934,4,2,2,2,2,4,5,2
ADOPTER,1935,4,4,3,3,5,2,2,1
ADOPTER,1936,4,4,4,4,5,2,3,1
ADOPTER,1937,3,4,,2,5,90,2,1
ADOPTER,1938,4,2,2,4,3,4,4,1
ADOPTER,1939,4,3,3,95,4,3,3,99
ADOPTER,1940,4,3,4,5,5,3,2,1
ADOPTER,1941,1,1,4,4,5,3,3,2
ADOPTER,1942,4,1,3,3,4,3,3,2
ADOPTER,1943,4,1,2,95,1,5,1,1
ADOPTER,1944,1,2,,2,4,2,3,2
ADOPTER,1945,2,,4,4,3,3,3,2
ADOPTER,1946,4,2,2,99,4,4,2,99
ADOPTER,1947,4,2,,5,3,3,2,1
ADOPTER,1948,1,2,2,1,4,3,4,2
ADOPTER,1949,4,3,2,3,5,4,4,2
ADOPTER,1950,2,,3,4,5,4,1,2
ADOPTER,1951,4,4,4,95,3,4,3,1
ADOPTER,1952,4,4,4,95,4,3,3,2
ADOPTER,1953,4,1,2,,3,3,3,2
ADOPTER,1954,2,2,2,3,4,90,1,99
ADOPTER,1955,4,2,,3,4,4,3,1
ADOPTER,1956,4,,3,5,4,2,3,2
ADOPTER,1957,4,3,2,2,5,97,4,2
ADOPTER,1958,4,1,3,3,5,2,4,2
ADOPTER,1959,1,2,,95,4,2,2,2
ADOPTER,1960,4,4,2,99,2,4,3,99
ADOPTER,1961,4,4,3,5,2,4,3,1
ADOPTER,1962,4,2,3,4,5,3,4,2
ADOPTER,1963,4,3,3,5,5,2,4,2
ADOPTER,1964,4,3,2,4,4,4,3,1
ADOPTER,1965,4,,1,4,4,4,4,2
ADOPTER,1966,4,2,3,95,3,4,2,2
ADOPTER,1967,1,2,4,99,5,2,3,2
ADOPTER,1968,4,2,4,3,4,2,3,2
ADOPTER,1969,4,2,,4,4,2,4,2
ADOPTER,1970,4,4,4,99,99,99,99,1
ADOPTER,1971,4,1,2,1,4,2,4,2
ADOPTER,1972,4,3,2,4,5,3,2,2
ADOPTER,1973,4,1,4,3,4,4,3,99
ADOPTER,1974,4,3,3,5,5,99,3,1
ADOPTER,1975,1,1,4,,4,4,4,99
ADOPTER,1976,4,,3,3,4,3,3,2
ADOPTER,1977,2,1,,4,2,3,2,2
ADOPTER,1978,4,3,3,2,5,2,4,
ADOPTER,1979,4,3,3,2,5,1,4,2
ADOPTER,1980,4,2,,1,4,3,3,2
ADOPTER,1981,1,2,3,1,5,3,3,2
ADOPTER,1982,2,2,2,1,4,3,2,2
ADOPTER,1983,4,2,3,4,3,97,3,2
ADOPTER,1984,4,2,3,3,5,1,2,1
ADOPTER,1985,4,1,2,95,5,2,1,2
ADOPTER,1986,4,3,4,5,5,2,4,1
ADOPTER,1987,4,2,,99,3,97,4,2
ADOPTER,1988,4,1,3,3,3,3,3,2
ADOPTER,1989,4,4,,4,1,5,3,1
ADOPTER,1990,4,2,1,3,5,3,3,2
ADOPTER,1991,2,1,3,5,4,4,3,2
ADOPTER,1992,4,1,,4,1,5,4,2
ADOPTER,1993,4,3,2,4,4,4,4,2
ADOPTER,1994,4,2,2,2,4,4,4,2
ADOPTER,1995,4,4,4,95,4,3,2,1
ADOPTER,1996,4,2,2,2,99,2,99,2
ADOPTER,1997,4,,4,95,4,3,3,99
ADOPTER,1998,1,3,3,4,4,3,3,
ADOPTER,1999,4,4,4,4,3,3,2,1
ADOPTER,2000,4,4,2,5,3,97,4,1
ADOPTER,2001,4,2,2,4,4,90,1,2
ADOPTER,2002,4,2,,2,5,4,2,2
ADOPTER,2003,4,4,4,4,4,97,4,2
ADOPTER,2004,4,3,3,95,3,4,5,2
ADOPTER,2005,4,3,3,95,4,90,5,
ADOPTER,2006,4,,4,4,4,3,5,2
ADOPTER,2007,4,2,3,5,4,1,4,2
ADOPTER,2008,1,4,4,95,4,5,2,1
ADOPTER,2009,2,2,2,3,4,4,2,2
ADOPTER,2010,4,3,,3,5,3,2,2
ADOPTER,2011,2,2,2,95,5,97,3,2
ADOPTER,2012,4,4,3,1,98,3,2,2
ADOPTER,2013,4,4,3,95,5,3,2,1
ADOPTER,2014,4,3,2,1,3,5,3,1
ADOPTER,2015,2,1,2,95,4,2,1,1
ADOPTER,2016,4,3,3,,3,5,4,2
ADOPTER,2017,4,2,4,3,5,3,3,2
ADOPTER,2018,4,2,3,4,1,90,4,2
ADOPTER,2019,4,1,3,5,1,5,1,2
ADOPTER,2020,4,3,2,4,5,2,4,1
ADOPTER,2021,4,,2,1,4,3,3,2
ADOPTER,2022,4,3,3,4,5,3,4,2
ADOPTER,2023,4,4,2,5,3,3,4,1
ADOPTER,2024,4,4,4,5,1,4,4,2
ADOPTER,2025,4,3,3,2,5,2,3,2
ADOPTER,2026,4,1,3,4,1,4,2,2
ADOPTER,2027,4,3,2,2,1,4,2,2
ADOPTER,2028,4,2,3,4,3,3,4,1
ADOPTER,2029,4,3,1,2,3,3,2,2
ADOPTER,2030,4,4,3,2,4,3,4,2
ADOPTER,2031,2,,2,95,5,4,3,2
ADOPTER,2032,3,4,2,3,3,4,3,2
ADOPTER,2033,4,2,3,3,4,4,4,2
ADOPTER,2034,1,,,4,5,97,2,2
ADOPTER,2035,4,2,3,95,4,2,3,2
ADOPTER,2036,4,1,1,95,3,3,2,99
ADOPTER,2037,2,3,3,5,4,4,2,2
ADOPTER,2038,4,4,,5,5,2,3,2
ADOPTER,2039,2,1,4,95,3,4,2,2
ADOPTER,2040,4,3,4,95,5,2,2,1
ADOPTER,2041,4,1,2,3,3,5,4,2
ADOPTER,2042,4,2,4,4,3,3,4,2
ADOPTER,2043,4,2,2,95,2,4,2,2
ADOPTER,2044,4,4,3,4,98,2,2,1
ADOPTER,2045,4,3,4,95,4,2,3,2
ADOPTER,2046,2,3,1,95,4,3,5,2
ADOPTER,2047,2,2,4,95,5,2,2,2
ADOPTER,2048,4,2,2,3,4,3,1,1
ADOPTER,2049,2,2,1,2,4,97,3,2
ADOPTER,2050,4,2,2,3,3,5,3,2
ADOPTER,2051,4,,1,,5,97,2,1
ADOPTER,2052,4,3,2,4,4,3,3,2
ADOPTER,2053,4,,2,1,4,4,2,2
ADOPTER,2054,4,,4,99,99,99,3,1
ADOPTER,2055,4,2,3,95,5,97,3,99
ADOPTER,2056,4,4,1,3,4,97,4,2
ADOPTER,2057,4,3,2,3,2,4,4,2
ADOPTER,2058,4,2,3,4,3,4,3,2
ADOPTER,2059,4,2,2,95,3,4,3,2
ADOPTER,2060,3,3,4,5,5,1,4,1
ADOPTER,2061,4,4,1,,5,5,3,1
ADOPTER,2062,4,2,2,2,2,5,3,2
ADOPTER,2063,4,,1,1,5,97,1,1
ADOPTER,2064,4,2,3,95,5,2,5,2
ADOPTER,2065,4,2,3,95,5,3,3,2
ADOPTER,2066,4,4,4,5,4,3,2,1
ADOPTER,2067,4,4,3,5,5,2,2,1
ADOPTER,2068,4,2,2,2,2,90,4,2
ADOPTER,2069,4,2,3,4,3,3,4,2
ADOPTER,2070,1,2,3,95,4,3,3,1
ADOPTER,2071,4,1,2,2,4,3,3,2
ADOPTER,2072,1,,3,4,5,1,2,99
ADOPTER,2073,4,3,2,2,5,2,2,2
ADOPTER,2074,4,3,3,1,4,4,4,2
ADOPTER,2075,4,2,,95,3,4,3,2
ADOPTER,2076,4,4,3,5,1,5,2,2
ADOPTER,2077,1,,1,1,4,3,4,2
ADOPTER,2078,2,,3,5,3,4,2,1
ADOPTER,2079,4,3,4,5,5,90,3,2
ADOPTER,2080,4,1,,95,5,3,4,2
ADOPTER,2081,2,2,4,4,4,1,2,2
ADOPTER,2082,4,2,,3,4,3,2,1
ADOPTER,2083,1,,2,2,4,97,3,2
ADOPTER,2084,4,2,4,4,1,5,2,2
ADOPTER,2085,4,1,4,1,5,2,2,1
ADOPTER,2086,4,2,2,2,4,3,1,2
ADOPTER,2087,4,1,2,3,5,4,5,2
ADOPTER,2088,4,1,2,1,1,5,4,2
ADOPTER,2089,1,2,2,4,1,4,3,2
ADOPTER,2090,4,,4,5,4,3,4,2
ADOPTER,2091,4,4,4,3,5,2,4,1
ADOPTER,2092,2,1,3,2,4,2,4,2
ADOPTER,2093,4,2,2,4,4,4,2,2
ADOPTER,2094,4,3,,95,4,3,2,2
ADOPTER,2095,1,1,2,95,2,99,2,2
ADOPTER,2096,1,3,1,2,5,97,2,2
ADOPTER,2097,2,2,3,3,4,4,4,2
ADOPTER,2098,4,2,3,5,4,4,4,2
ADOPTER,2099,2,,3,1,5,4,2,2
ADOPTER,2100,4,3,4,4,4,3,2,1
ADOPTER,2101,2,2,,3,4,3,2,2
ADOPTER,2102,4,2,2,3,5,97,4,2
ADOPTER,2103,4,3,3,95,5,2,2,2
ADOPTER,2104,4,1,4,4,5,1,4,2
ADOPTER,2105,4,4,1,1,1,4,2,99
ADOPTER,2106,4,,99,99,5,99,2,1
ADOPTER,2107,4,2,3,5,4,2,2,1
ADOPTER,2108,4,,,99,5,99,2,99
ADOPTER,2109,4,3,2,95,3,97,2,2
ADOPTER,2110,4,4,1,5,2,5,3,
ADOPTER,2111,4,3,4,4,5,3,2,2
ADOPTER,2112,4,2,3,2,5,3,4,1
ADOPTER,2113,4,3,2,2,4,90,1,2
ADOPTER,2114,4,2,1,3,4,3,4,2
ADOPTER,2115,4,3,3,95,3,2,1,1
ADOPTER,2116,4,3,4,3,5,1,3,1
ADOPTER,2117,2,4,4,3,3,97,2,2
ADOPTER,2118,4,2,4,4,4,90,1,1
ADOPTER,2119,4,2,2,,2,5,2,2
ADOPTER,2120,4,1,2,4,5,3,4,2
ADOPTER,2121,4,2,3,5,4,4,4,99
ADOPTER,2122,4,4,,5,5,3,2,1
ADOPTER,2123,4,3,1,95,1,4,2,1
ADOPTER,2124,4,2,4,4,4,3,3,2
ADOPTER,2125,4,4,2,95,3,97,1,2
ADOPTER,2126,4,3,2,2,4,97,3,1
ADOPTER,2127,4,3,,5,98,3,3,1
ADOPTER,2128,1,4,4,95,3,3,2,1
ADOPTER,2129,2,2,3,99,5,99,2,2
ADOPTER,2130,1,4,2,99,3,4,2,2
ADOPTER,2131,4,1,3,95,1,5,4,1
ADOPTER,2132,4,2,2,3,1,3,2,
ADOPTER,2133,4,3,2,4,4,4,3,1
ADOPTER,2134,4,2,4,95,5,2,4,99
ADOPTER,2135,4,4,3,5,3,4,4,1
ADOPTER,2136,3,3,4,1,5,1,1,1
ADOPTER,2137,4,2,,3,3,4,1,1
ADOPTER,2138,4,2,,4,4,3,2,2
ADOPTER,2139,4,3,4,99,5,99,3,1
ADOPTER,2140,4,4,3,5,4,3,2,2
ADOPTER,2141,4,3,4,5,1,3,2,1
ADOPTER,2142,1,2,3,99,4,3,4,1
ADOPTER,2143,4,,1,2,4,2,3,2
ADOPTER,2144,1,1,4,2,3,4,3,1
ADOPTER,2145,4,4,2,95,1,5,5,2
ADOPTER,2146,2,4,3,5,3,4,3,2
ADOPTER,2147,4,3,2,4,5,4,4,2
ADOPTER,2148,4,4,2,95,5,5,4,1
ADOPTER,2149,4,1,3,1,4,3,2,2
ADOPTER,2150,4,3,2,95,2,90,4,1
ADOPTER,2151,4,3,99,99,1,99,4,2
ADOPTER,2152,2,3,,4,4,3,4,2
ADOPTER,2153,4,2,,3,5,4,3,1
ADOPTER,2154,1,4,3,4,4,2,2,2
ADOPTER,2155,4,3,,3,4,3,5,99
ADOPTER,2156,4,3,2,2,5,2,3,2
ADOPTER,2157,4,2,2,3,5,97,4,99
ADOPTER,2158,4,1,3,95,5,3,3,1
ADOPTER,2159,4,2,3,5,5,4,2,1
ADOPTER,2160,1,1,1,2,5,97,3,2
ADOPTER,2161,4,2,3,2,5,2,4,2
ADOPTER,2162,4,4,3,4,1,4,2,1
ADOPTER,2163,4,3,4,3,5,2,2,2
ADOPTER,2164,4,,99,99,4,99,1,2
ADOPTER,2165,4,2,,95,5,90,1,2
ADOPTER,2166,4,,4,3,3,2,2,1
ADOPTER,2167,4,2,3,95,4,3,4,2
ADOPTER,2168,4,2,4,2,5,1,2,1
ADOPTER,2169,4,2,2,2,3,3,3,99
ADOPTER,2170,2,,2,5,5,5,5,1
ADOPTER,2171,1,2,3,99,3,4,4,99
ADOPTER,2172,4,3,3,4,4,90,3,2
ADOPTER,2173,4,2,2,95,3,5,4,2
ADOPTER,2174,4,,1,4,5,3,4,2
ADOPTER,2175,4,2,3,4,5,2,4,2
ADOPTER,2176,4,4,2,5,4,3,3,2
ADOPTER,2177,4,2,4,5,1,4,2,2
ADOPTER,2178,4,3,2,95,4,2,4,2
ADOPTER,2179,4,2,4,,4,90,2,2
ADOPTER,2180,4,,3,5,1,97,3,1
ADOPTER,2181,2,1,1,95,3,99,3,99
ADOPTER,2182,4,3,4,4,1,3,2,2
ADOPTER,2183,4,2,2,1,3,3,3,1
ADOPTER,2184,4,1,2,2,1,5,2,99
ADOPTER,2185,4,1,,2,4,3,4,99
ADOPTER,2186,4,4,2,4,4,4,3,2
ADOPTER,2187,4,4,3,95,3,4,4,2
ADOPTER,2188,4,1,2,1,5,2,3,2
ADOPTER,2189,1,,2,4,5,3,4,
ADOPTER,2190,4,1,2,1,4,4,3,2
ADOPTER,2191,4,2,2,2,3,97,1,2
ADOPTER,2192,4,,2,2,4,3,3,2
ADOPTER,2193,2,,4,4,3,99,3,2
ADOPTER,2194,4,2,2,4,5,4,2,2
ADOPTER,2195,4,3,1,,2,4,3,2
ADOPTER,2196,4,4,2,5,5,3,4,1
ADOPTER,2197,4,,2,4,1,4,4,2
ADOPTER,2198,4,3,2,3,2,90,3,99
ADOPTER,2199,4,2,2,3,5,2,3,2
ADOPTER,2200,4,1,4,4,4,3,3,99
ADOPTER,2201,4,1,3,95,4,97,3,2
ADOPTER,2202,4,2,4,4,5,2,4,2
ADOPTER,2203,4,2,4,3,5,3,3,1
ADOPTER,2204,2,4,2,5,4,3,3,2
ADOPTER,2205,4,4,3,4,3,4,2,2
ADOPTER,2206,1,2,,4,5,90,4,2
ADOPTER,2207,1,2,3,5,4,2,2,2
ADOPTER,2208,4,4,3,95,3,4,4,1
ADOPTER,2209,4,3,4,4,1,3,2,2
ADOPTER,2210,2,2,,95,4,3,4,99
ADOPTER,2211,4,2,4,3,3,97,2,2
ADOPTER,2212,4,2,2,1,5,5,4,1
ADOPTER,2213,1,2,4,3,5,4,2,1
ADOPTER,2214,4,2,1,4,3,5,4,2
ADOPTER,2215,4,3,3,4,3,3,3,1
ADOPTER,2216,4,2,2,4,5,4,4,2
ADOPTER,2217,4,4,4,4,5,90,2,2
ADOPTER,2218,4,4,1,3,3,3,2,2
ADOPTER,2219,1,2,2,4,4,1,1,2
ADOPTER,2220,4,3,2,,4,4,3,2
ADOPTER,2221,4,4,4,95,3,4,2,2
ADOPTER,2222,4,4,3,5,98,4,3,1
ADOPTER,2223,4,2,2,4,4,90,2,2
ADOPTER,2224,4,3,,5,5,3,4,1
ADOPTER,2225,4,3,4,3,1,5,1,2
ADOPTER,2226,4,3,4,2,3,4,3,2
ADOPTER,2227,4,,99,99,1,99,1,2
ADOPTER,2228,4,2,3,4,3,3,2,2
ADOPTER,2229,2,,3,95,4,97,2,2
ADOPTER,2230,1,,4,2,3,97,2,2
ADOPTER,2231,4,2,2,,3,3,5,2
ADOPTER,2232,4,1,2,2,4,5,4,2
ADOPTER,2233,4,3,4,5,1,4,4,
ADOPTER,2234,4,2,3,5,5,3,4,1
ADOPTER,2235,4,2,3,2,4,3,3,2
ADOPTER,2236,2,,2,95,3,3,2,99
ADOPTER,2237,4,3,2,4,5,3,4,1
ADOPTER,2238,4,1,1,2,3,4,5,2
ADOPTER,2239,4,3,,95,3,97,2,1
ADOPTER,2240,2,,4,1,3,3,1,2
ADOPTER,2241,1,,2,5,4,90,2,2
ADOPTER,2242,4,2,2,4,3,4,4,2
ADOPTER,2243,2,3,2,5,4,3,1,2
ADOPTER,2244,4,3,99,99,5,99,2,1
ADOPTER,2245,2,2,2,4,5,2,3,2
ADOPTER,2246,1,,3,95,3,4,3,2
ADOPTER,2247,4,4,2,2,5,4,4,2
ADOPTER,2248,4,2,2,4,5,97,2,2
ADOPTER,2249,4,4,2,1,5,2,2,2
ADOPTER,2250,4,2,3,4,4,3,2,2
ADOPTER,2251,4,4,3,5,4,1,3,1
ADOPTER,2252,4,,2,1,4,4,3,2
ADOPTER,2253,2,,2,1,3,97,2,99
ADOPTER,2254,4,4,4,95,5,4,2,1
ADOPTER,2255,4,3,2,4,3,4,4,2
ADOPTER,2256,4,4,3,95,3,4,3,
ADOPTER,2257,4,4,3,4,1,4,2,2
ADOPTER,2258,4,2,2,2,4,3,3,2
ADOPTER,2259,4,1,2,2,5,97,1,2
ADOPTER,2260,1,,4,5,4,3,3,
ADOPTER,2261,4,2,3,4,5,1,3,
ADOPTER,2262,4,2,3,4,5,2,3,1
ADOPTER,2263,4,1,2,3,3,4,3,2
ADOPTER,2264,4,1,4,3,5,3,4,1
ADOPTER,2265,4,2,4,99,4,99,4,2
ADOPTER,2266,4,2,4,5,5,1,3,2
ADOPTER,2267,4,4,99,5,4,3,3,1
ADOPTER,2268,4,2,2,3,1,3,2,2
ADOPTER,2269,4,2,4,4,5,3,4,1
ADOPTER,2270,2,1,4,2,4,2,2,2
ADOPTER,2271,2,1,2,1,5,3,4,2
ADOPTER,2272,1,2,4,95,5,3,4,2
ADOPTER,2273,4,4,2,2,3,3,3,1
ADOPTER,2274,2,1,3,5,5,3,4,2
ADOPTER,2275,4,2,4,5,4,3,4,99
ADOPTER,2276,4,3,3,5,3,3,2,1
ADOPTER,2277,4,3,3,95,3,4,4,2
ADOPTER,2278,4,4,4,95,4,2,2,1
ADOPTER,2279,4,2,4,5,3,3,3,2
ADOPTER,2280,4,1,4,2,5,3,4,2
ADOPTER,2281,4,2,2,1,5,3,3,99
ADOPTER,2282,1,3,2,4,3,3,4,2
ADOPTER,2283,4,2,1,3,1,4,5,99
ADOPTER,2284,4,2,1,5,4,3,3,2
ADOPTER,2285,4,2,2,2,3,4,4,2
ADOPTER,2286,2,,2,95,5,90,4,2
ADOPTER,2287,4,2,4,4,3,90,2,2
ADOPTER,2288,2,1,3,4,4,3,4,2
ADOPTER,2289,4,3,4,5,3,4,4,2
ADOPTER,2290,4,2,3,4,4,2,4,2
ADOPTER,2291,4,2,2,2,4,90,2,99
ADOPTER,2292,2,4,2,3,4,4,3,2
ADOPTER,2293,4,2,2,95,3,4,3,1
ADOPTER,2294,4,,4,2,5,1,3,2
ADOPTER,2295,4,1,2,4,5,4,5,2
ADOPTER,2296,4,1,,4,5,3,4,99
ADOPTER,2297,4,2,3,5,4,3,4,2
ADOPTER,2298,4,4,3,5,5,2,4,2
ADOPTER,2299,4,,99,99,99,99,4,99
ADOPTER,2300,4,4,4,95,1,3,3,1
ADOPTER,2301,4,2,2,4,3,2,1,2
ADOPTER,2302,2,1,,99,5,2,2,2
ADOPTER,2303,4,2,3,4,5,4,5,2
ADOPTER,2304,4,3,4,5,4,3,4,1
ADOPTER,2305,4,3,3,99,5,97,2,2
ADOPTER,2306,4,2,2,1,4,2,3,2
ADOPTER,2307,4,2,,1,5,1,4,1
ADOPTER,2308,4,3,3,99,5,3,5,99
ADOPTER,2309,4,4,4,5,2,5,3,2
ADOPTER,2310,4,3,2,1,5,2,3,1
ADOPTER,2311,4,,2,4,5,1,3,2
ADOPTER,2312,4,4,4,2,2,5,3,2
ADOPTER,2313,4,1,,4,3,4,4,2
ADOPTER,2314,4,4,2,95,4,90,1,1
ADOPTER,2315,4,1,2,95,4,2,4,2
ADOPTER,2316,4,4,4,2,4,3,3,1
ADOPTER,2317,4,1,3,,3,3,3,2
ADOPTER,2318,4,1,2,4,5,3,2,2
ADOPTER,2319,4,3,4,95,4,99,2,1
ADOPTER,2320,1,,4,,4,2,2,99
ADOPTER,2321,4,4,4,95,3,4,4,2
ADOPTER,2322,4,4,4,99,2,99,2,1
ADOPTER,2323,4,4,4,5,1,4,4,2
ADOPTER,2324,4,2,2,4,5,90,1,
ADOPTER,2325,4,4,3,3,5,4,3,2
ADOPTER,2326,4,2,2,2,3,3,3,1
ADOPTER,2327,4,2,2,99,1,5,1,2
ADOPTER,2328,4,2,2,1,3,3,1,2
ADOPTER,2329,4,3,1,3,98,90,4,2
ADOPTER,2330,4,2,2,95,3,4,3,1
ADOPTER,2331,4,2,4,5,5,2,3,99
ADOPTER,2332,4,2,2,2,5,4,3,2
ADOPTER,2333,4,4,3,5,4,2,4,1
ADOPTER,2334,4,2,3,4,3,4,3,2
ADOPTER,2335,4,4,3,5,4,4,5,2
ADOPTER,2336,1,3,4,5,4,97,4,2
ADOPTER,2337,4,,4,95,5,2,4,1
ADOPTER,2338,1,,3,3,5,2,3,99
ADOPTER,2339,4,1,3,4,2,3,4,2
ADOPTER,2340,4,3,2,95,2,5,2,2
ADOPTER,2341,4,3,2,4,3,5,4,99
ADOPTER,2342,4,,3,4,5,97,4,2
ADOPTER,2343,4,3,3,95,1,4,4,2
ADOPTER,2344,4,4,4,95,5,3,3,1
ADOPTER,2345,2,2,3,,5,2,3,2
ADOPTER,2346,2,1,2,4,5,2,4,2
ADOPTER,2347,4,2,1,3,3,3,4,2
ADOPTER,2348,4,4,2,5,4,2,4,1
ADOPTER,2349,4,1,,2,5,2,4,1
ADOPTER,2350,4,4,4,3,4,2,2,1
ADOPTER,2351,4,2,3,2,4,4,4,2
ADOPTER,2352,4,2,2,5,4,4,4,2
ADOPTER,2353,4,3,2,4,1,97,3,1
ADOPTER,2354,4,2,,3,4,2,1,99
ADOPTER,2355,4,,2,2,3,3,4,2
ADOPTER,2356,4,3,2,2,1,5,2,2
ADOPTER,2357,2,4,3,4,4,97,3,2
ADOPTER,2358,1,2,3,4,3,4,3,2
ADOPTER,2359,4,3,3,4,5,2,2,2
ADOPTER,2360,4,2,2,1,5,1,4,1
ADOPTER,2361,4,3,4,95,2,2,5,1
ADOPTER,2362,4,2,3,5,3,4,2,2
ADOPTER,2363,4,2,3,3,3,4,2,1
ADOPTER,2364,4,2,2,4,1,3,4,2
ADOPTER,2365,3,4,2,4,98,90,3,1
ADOPTER,2366,4,2,4,95,4,4,4,2
ADOPTER,2367,4,3,2,99,3,5,3,2
ADOPTER,2368,4,4,4,5,5,3,4,1
ADOPTER,2369,4,4,4,5,5,3,3,1
ADOPTER,2370,4,1,2,2,2,97,4,2
ADOPTER,2371,4,,3,5,5,2,3,1
ADOPTER,2372,4,2,3,95,4,4,2,1
ADOPTER,2373,4,2,3,,3,4,4,2
ADOPTER,2374,2,3,4,5,4,3,4,2
ADOPTER,2375,4,2,3,2,5,3,4,2
ADOPTER,2376,4,1,3,99,5,3,2,2
ADOPTER,2377,2,3,3,5,3,4,2,2
ADOPTER,2378,2,,3,3,4,3,2,2
ADOPTER,2379,2,,1,2,4,97,4,99
ADOPTER,2380,4,3,3,4,5,2,2,2
ADOPTER,2381,4,4,2,4,1,3,3,2
ADOPTER,2382,4,3,,5,3,90,2,2
ADOPTER,2383,4,1,2,3,3,3,4,2
ADOPTER,2384,4,4,3,5,4,2,1,1
ADOPTER,2385,2,,3,2,5,1,2,1
ADOPTER,2386,2,2,4,3,4,3,1,2
ADOPTER,2387,4,4,3,95,5,2,2,1
ADOPTER,2388,4,,1,4,3,4,3,2
ADOPTER,2389,4,4,4,5,3,4,1,99
ADOPTER,2390,4,2,3,95,2,90,2,2
ADOPTER,2391,4,4,3,99,4,90,4,99
ADOPTER,2392,4,3,2,99,5,3,1,1
ADOPTER,2393,4,3,3,2,4,2,4,99
ADOPTER,2394,4,3,3,5,5,2,2,2
ADOPTER,2395,4,4,4,1,3,4,3,99
ADOPTER,2396,4,1,3,2,1,5,3,2
ADOPTER,2397,2,1,2,2,4,3,3,2
ADOPTER,2398,4,1,,3,4,4,4,2
ADOPTER,2399,4,2,2,3,4,3,2,2
ADOPTER,2400,1,,4,5,5,3,2,2
ADOPTER,2401,4,,3,5,3,4,3,1
ADOPTER,2402,4,4,3,99,2,4,2,1
ADOPTER,2403,4,4,2,3,4,3,4,2
ADOPTER,2404,4,,3,5,4,3,3,2
ADOPTER,2405,2,1,1,1,3,3,3,2
ADOPTER,2406,4,4,3,4,5,2,3,1
ADOPTER,2407,4,4,3,5,2,4,4,2
ADOPTER,2408,4,3,1,1,4,3,3,99
ADOPTER,2409,4,2,2,1,3,4,3,2
ADOPTER,2410,4,4,,4,3,3,2,99
ADOPTER,2411,4,3,3,4,4,4,2,2
ADOPTER,2412,4,3,3,95,4,97,3,
ADOPTER,2413,4,3,4,3,5,1,3,2
ADOPTER,2414,2,1,2,3,3,90,2,2
ADOPTER,2415,4,1,3,95,3,5,2,2
ADOPTER,2416,4,,2,95,5,3,5,99
ADOPTER,2417,1,4,3,3,2,4,2,2
ADOPTER,2418,4,2,2,4,3,2,4,1
ADOPTER,2419,4,3,,5,2,4,3,2
ADOPTER,2420,4,2,4,4,4,3,4,2
ADOPTER,2421,4,,3,99,5,4,2,1
ADOPTER,2422,4,2,3,4,4,2,3,2
ADOPTER,2423,1,3,2,4,3,97,3,2
ADOPTER,2424,4,1,,5,5,2,1,1
ADOPTER,2425,4,2,4,1,4,2,3,2
ADOPTER,2426,4,2,3,4,5,2,2,2
ADOPTER,2427,2,,2,4,4,3,4,2
ADOPTER,2428,1,,4,5,3,4,4,1
ADOPTER,2429,4,1,3,3,4,2,3,2
ADOPTER,2430,4,2,2,2,5,3,4,99
ADOPTER,2431,4,2,3,3,4,3,2,2
ADOPTER,2432,4,1,3,2,3,4,4,2
ADOPTER,2433,4,3,3,4,5,2,4,99
ADOPTER,2434,1,2,2,95,4,97,4,2
ADOPTER,2435,4,4,4,5,4,2,2,2
ADOPTER,2436,4,2,2,3,3,3,3,2
ADOPTER,2437,4,1,2,2,3,4,3,2
ADOPTER,2438,4,2,4,4,4,1,5,2
ADOPTER,2439,4,3,3,5,1,4,2,1
ADOPTER,2440,4,3,3,3,4,3,4,2
ADOPTER,2441,4,3,,95,4,4,5,2
ADOPTER,2442,2,3,,4,2,4,3,2
ADOPTER,2443,4,2,,1,3,3,3,2
ADOPTER,2444,4,1,2,4,4,3,3,2
ADOPTER,2445,4,2,2,2,5,3,2,2
ADOPTER,2446,4,4,4,5,1,4,3,1
ADOPTER,2447,4,3,2,2,3,4,1,1
ADOPTER,2448,4,2,3,4,2,3,2,2
ADOPTER,2449,4,,3,4,4,5,4,2
ADOPTER,2450,4,3,2,3,4,4,4,2
ADOPTER,2451,4,2,3,2,3,5,2,2
ADOPTER,2452,4,2,4,5,4,2,3,
ADOPTER,2453,4,2,2,5,1,3,3,2
ADOPTER,2454,1,1,,3,5,4,4,99
ADOPTER,2455,4,2,3,,3,2,3,99
ADOPTER,2456,4,2,99,99,5,99,4,2
ADOPTER,2457,4,4,4,5,5,1,3,1
ADOPTER,2458,2,,3,99,4,99,3,99
ADOPTER,2459,4,,99,99,4,97,2,2
ADOPTER,2460,4,2,,95,2,5,5,2
ADOPTER,2461,4,2,2,4,1,5,4,99
ADOPTER,2462,4,1,3,4,5,2,4,2
ADOPTER,2463,4,2,4,95,3,4,2,1
ADOPTER,2464,4,2,2,95,2,3,3,1
ADOPTER,2465,4,2,2,2,5,1,3,1
ADOPTER,2466,4,3,2,95,2,3,4,1
ADOPTER,2467,4,4,4,5,5,2,4,1
ADOPTER,2468,4,,3,5,5,3,3,1
ADOPTER,2469,3,4,2,2,1,5,1,1
ADOPTER,2470,4,2,4,5,5,90,4,2
ADOPTER,2471,2,3,2,95,5,5,3,2
ADOPTER,2472,4,2,2,4,2,2,1,
ADOPTER,2473,4,2,2,5,5,3,3,1
ADOPTER,2474,4,2,,95,3,3,4,2
ADOPTER,2475,4,,1,95,4,3,2,2
ADOPTER,2476,2,,3,95,1,2,2,1
ADOPTER,2477,4,4,3,5,1,5,2,1
ADOPTER,2478,4,1,2,1,4,97,4,2
ADOPTER,2479,4,2,2,4,4,4,4,2
ADOPTER,2480,4,3,3,,5,97,3,2
ADOPTER,2481,4,2,3,3,2,4,2,2
ADOPTER,2482,4,3,4,4,5,3,4,1
ADOPTER,2483,4,3,4,4,4,2,3,2
ADOPTER,2484,4,1,3,1,5,3,3,2
ADOPTER,2485,4,1,,5,4,4,2,2
ADOPTER,2486,1,2,1,95,5,3,3,2
ADOPTER,2487,1,,2,95,5,4,4,1
ADOPTER,2488,4,3,3,4,3,2,5,1
ADOPTER,2489,4,4,1,4,5,2,4,2
ADOPTER,2490,4,2,2,3,1,4,4,2
ADOPTER,2491,4,1,3,3,5,3,3,2
ADOPTER,2492,4,1,2,4,4,3,3,2
ADOPTER,2493,4,3,1,4,4,97,4,1
ADOPTER,2494,1,3,2,5,5,4,4,2
ADOPTER,2495,4,4,2,5,3,4,4,2
ADOPTER,2496,4,2,1,2,1,3,4,99
ADOPTER,2497,3,4,4,95,1,5,2,1
ADOPTER,2498,4,2,2,3,5,97,1,99
ADOPTER,2499,4,4,3,4,4,4,1,2
ADOPTER,2500,2,1,4,4,4,2,2,99
ADOPTER,2501,1,,2,1,98,97,2,1
ADOPTER,2502,3,4,4,2,4,4,2,2
ADOPTER,2503,4,1,2,95,3,5,3,99
ADOPTER,2504,2,2,,5,3,5,3,2
ADOPTER,2505,4,2,2,95,3,4,5,1
ADOPTER,2506,4,4,4,4,5,2,3,1
ADOPTER,2507,4,2,2,95,4,5,3,2
ADOPTER,2508,2,,4,5,5,2,1,2
ADOPTER,2509,4,,1,95,5,97,2,2
ADOPTER,2510,2,2,4,95,3,4,2,2
ADOPTER,2511,4,4,2,2,5,97,4,2
ADOPTER,2512,4,3,4,99,5,2,4,99
ADOPTER,2513,4,2,3,5,5,3,3,2
ADOPTER,2514,4,1,2,1,2,5,4,2
ADOPTER,2515,4,3,,5,3,4,3,2
ADOPTER,2516,4,3,2,4,1,4,4,1
ADOPTER,2517,3,,4,2,4,90,3,1
ADOPTER,2518,4,4,3,5,3,4,4,1
ADOPTER,2519,4,1,2,2,4,90,3,2
ADOPTER,2520,4,2,1,4,98,97,4,2
ADOPTER,2521,4,3,,5,4,3,4,2
ADOPTER,2522,4,3,3,4,4,3,3,2
ADOPTER,2523,4,3,,95,1,5,1,1
ADOPTER,2524,2,3,4,4,5,2,1,1
ADOPTER,2525,2,,4,95,3,3,2,2
ADOPTER,2526,2,3,2,5,5,2,4,2
ADOPTER,2527,4,1,2,1,3,4,2,2
ADOPTER,2528,4,3,,4,2,4,4,2
ADOPTER,2529,4,2,3,2,1,5,2,2
ADOPTER,2530,2,2,4,4,5,2,3,2
ADOPTER,2531,4,,4,1,5,1,4,2
ADOPTER,2532,4,2,2,95,3,4,3,2
ADOPTER,2533,4,2,2,5,3,3,4,1
ADOPTER,2534,4,2,4,3,5,2,4,1
ADOPTER,2535,4,4,2,95,5,3,4,2
ADOPTER,2536,1,1,2,2,5,90,3,99
ADOPTER,2537,4,4,1,1,4,2,2,2
ADOPTER,2538,4,1,99,5,5,3,3,2
ADOPTER,2539,4,2,,5,4,4,4,2
ADOPTER,2540,4,,2,4,4,4,2,1
ADOPTER,2541,4,2,1,1,5,97,3,2
ADOPTER,2542,4,,3,4,4,2,2,2
ADOPTER,2543,4,2,2,2,5,3,4,99
ADOPTER,2544,2,1,1,1,4,97,4,2
ADOPTER,2545,4,1,,95,3,4,4,2
ADOPTER,2546,2,3,3,3,4,90,3,2
ADOPTER,2547,4,2,4,4,5,2,4,1
ADOPTER,2548,4,3,4,95,4,97,2,2
ADOPTER,2549,2,2,3,95,5,2,3,2
ADOPTER,2550,4,4,4,5,4,3,2,
ADOPTER,2551,4,4,2,4,4,4,3,1
ADOPTER,2552,2,2,1,5,4,2,2,2
ADOPTER,2553,4,,2,5,4,3,4,2
ADOPTER,2554,4,3,2,2,4,4,5,2
ADOPTER,2555,4,2,3,2,1,4,1,2
ADOPTER,2556,4,2,2,5,3,4,3,2
ADOPTER,2557,4,2,3,2,5,4,4,99
ADOPTER,2558,4,3,3,5,3,3,5,2
ADOPTER,2559,4,1,2,2,3,4,2,2
ADOPTER,2560,4,4,,4,2,4,3,1
ADOPTER,2561,4,2,2,,5,4,4,2
ADOPTER,2562,1,2,3,5,4,2,3,2
ADOPTER,2563,2,1,3,95,4,2,1,1
ADOPTER,2564,4,1,1,95,4,4,3,2
ADOPTER,2565,4,2,3,5,5,1,1,2
ADOPTER,2566,1,1,3,5,4,3,3,2
ADOPTER,2567,4,2,3,2,5,2,4,2
ADOPTER,2568,4,1,4,3,5,4,2,2
ADOPTER,2569,1,2,,3,5,3,3,99
ADOPTER,2570,1,,3,5,4,3,4,1
ADOPTER,2571,4,4,4,5,4,3,4,1
ADOPTER,2572,4,1,2,2,5,3,3,2
ADOPTER,2573,1,2,4,,5,1,1,2
ADOPTER,2574,3,2,2,2,1,5,4,2
ADOPTER,2575,4,2,4,5,3,4,2,2
ADOPTER,2576,4,2,,1,4,3,4,99
ADOPTER,2577,4,2,1,2,4,90,4,2
ADOPTER,2578,4,4,3,3,3,4,3,
ADOPTER,2579,4,1,4,95,4,3,2,99
ADOPTER,2580,4,2,,5,4,3,4,2
ADOPTER,2581,4,2,4,4,4,2,2,2
ADOPTER,2582,2,1,4,3,5,3,4,99
ADOPTER,2583,4,3,2,3,4,97,3,2
ADOPTER,2584,4,2,3,5,2,97,4,1
ADOPTER,2585,2,3,4,5,3,4,4,2
ADOPTER,2586,4,1,2,3,5,90,2,2
ADOPTER,2587,4,3,4,5,5,3,5,2
ADOPTER,2588,2,,1,3,5,2,2,2
ADOPTER,2589,4,3,1,95,1,4,2,1
ADOPTER,2590,4,2,3,2,5,2,2,2
ADOPTER,2591,4,,2,4,5,4,1,1
ADOPTER,2592,4,4,4,95,3,4,1,1
ADOPTER,2593,4,4,3,4,4,4,3,2
ADOPTER,2594,4,2,2,4,4,3,4,2
ADOPTER,2595,4,,3,2,4,1,3,2
ADOPTER,2596,4,3,2,5,3,3,4,2
ADOPTER,2597,4,2,3,95,3,99,3,99
ADOPTER,2598,4,2,3,5,3,5,2,99
ADOPTER,2599,4,2,3,3,4,3,3,2
ADOPTER,2600,4,4,4,95,1,97,5,1
ADOPTER,2601,4,1,,4,5,4,3,99
ADOPTER,2602,4,1,2,4,2,4,3,2
ADOPTER,2603,4,2,3,3,5,1,1,1
ADOPTER,2604,4,1,3,5,4,2,3,2
ADOPTER,2605,4,2,3,4,3,5,3,1
ADOPTER,2606,4,2,2,,4,3,4,2
ADOPTER,2607,4,2,3,95,5,99,2,2
ADOPTER,2608,4,2,3,2,5,3,4,2
ADOPTER,2609,4,3,3,4,4,3,4,2
ADOPTER,2610,4,2,2,1,5,2,3,2
ADOPTER,2611,4,3,4,3,1,4,1,2
ADOPTER,2612,1,,,2,98,99,4,2
ADOPTER,2613,1,1,4,95,2,90,4,1
ADOPTER,2614,4,2,,95,5,3,4,2
ADOPTER,2615,1,2,1,95,5,4,5,2
ADOPTER,2616,4,2,3,1,4,4,1,2
ADOPTER,2617,4,2,2,5,4,4,1,1
ADOPTER,2618,4,2,4,5,5,2,4,2
ADOPTER,2619,4,1,4,5,5,2,3,2
ADOPTER,2620,1,4,4,4,5,3,3,2
ADOPTER,2621,4,2,3,5,3,4,4,1
ADOPTER,2622,4,3,3,95,5,2,4,1
ADOPTER,2623,4,3,2,1,3,97,1,2
ADOPTER,2624,4,3,3,5,4,4,2,
ADOPTER,2625,1,4,1,5,5,3,3,2
ADOPTER,2626,4,2,,3,4,2,2,2
ADOPTER,2627,4,2,2,3,1,5,3,2
ADOPTER,2628,4,4,3,95,4,2,4,1
ADOPTER,2629,1,3,,4,5,3,2,99
ADOPTER,2630,4,1,3,2,4,2,3,2
ADOPTER,2631,2,,4,4,5,3,4,2
ADOPTER,2632,2,2,2,,3,5,2,2
ADOPTER,2633,4,1,2,4,5,2,3,2
ADOPTER,2634,4,2,4,5,4,3,3,1
ADOPTER,2635,4,2,2,2,1,5,3,1
ADOPTER,2636,4,1,3,95,4,3,2,1
ADOPTER,2637,4,,3,2,3,97,3,2
ADOPTER,2638,4,2,2,5,5,1,5,1
ADOPTER,2639,4,2,4,3,4,2,2,2
ADOPTER,2640,4,2,2,4,3,3,4,1
ADOPTER,2641,2,2,4,4,4,3,2,99
ADOPTER,2642,4,3,4,95,4,3,3,2
ADOPTER,2643,4,4,,5,1,4,4,1
ADOPTER,2644,2,4,3,3,2,4,2,2
ADOPTER,2645,4,2,2,1,4,3,3,1
ADOPTER,2646,3,3,3,3,3,4,2,1
ADOPTER,2647,1,,2,4,5,97,4,2
ADOPTER,2648,4,2,,1,98,4,4,99
ADOPTER,2649,4,3,3,3,3,4,2,2
ADOPTER,2650,4,1,2,1,2,5,4,2
ADOPTER,2651,4,1,2,5,1,5,3,1
ADOPTER,2652,4,3,2,3,3,3,2,99
ADOPTER,2653,4,1,2,95,4,4,3,1
ADOPTER,2654,4,2,2,2,1,5,3,2
ADOPTER,2655,4,,4,5,1,4,4,1
ADOPTER,2656,4,3,3,4,4,4,5,2
ADOPTER,2657,4,4,1,4,5,3,4,2
ADOPTER,2658,4,1,,2,4,3,2,1
ADOPTER,2659,4,,4,4,1,5,4,2
ADOPTER,2660,4,4,4,95,5,2,2,1
ADOPTER,2661,4,3,,4,3,97,5,2
ADOPTER,2662,4,2,2,2,5,3,4,2
ADOPTER,2663,4,4,3,4,3,3,3,2
ADOPTER,2664,4,4,2,2,2,4,3,1
ADOPTER,2665,4,2,2,1,5,3,3,1
ADOPTER,2666,4,4,4,95,3,3,1,1
ADOPTER,2667,4,,4,5,5,2,1,1
ADOPTER,2668,4,3,,4,5,4,1,1
ADOPTER,2669,4,1,3,3,3,4,5,2
ADOPTER,2670,4,,2,99,4,5,2,2
ADOPTER,2671,4,4,2,2,4,97,3,1
ADOPTER,2672,4,1,1,2,4,4,1,2
ADOPTER,2673,4,4,3,4,2,4,2,2
ADOPTER,2674,1,4,4,95,4,2,2,1
ADOPTER,2675,4,1,3,2,4,4,4,2
ADOPTER,2676,4,3,,95,5,1,3,2
ADOPTER,2677,4,,3,3,5,3,1,99
ADOPTER,2678,2,1,2,1,5,3,4,1
ADOPTER,2679,4,,2,1,4,3,5,2
ADOPTER,2680,4,1,3,2,5,3,4,2
ADOPTER,2681,4,1,,2,4,3,3,99
ADOPTER,2682,4,2,4,95,5,3,3,2
ADOPTER,2683,4,1,4,2,5,1,4,2
ADOPTER,2684,4,2,3,5,5,2,3,1
ADOPTER,2685,4,1,4,5,4,3,1,2
ADOPTER,2686,4,4,3,95,4,97,5,1
ADOPTER,2687,2,1,1,5,4,4,1,2
ADOPTER,2688,4,3,4,99,4,4,2,1
ADOPTER,2689,4,1,4,1,5,2,4,2
ADOPTER,2690,4,2,3,2,1,4,1,2
ADOPTER,2691,4,2,2,2,5,2,2,2
ADOPTER,2692,4,2,4,2,5,2,2,2
ADOPTER,2693,4,2,4,4,5,1,2,1
ADOPTER,2694,2,,4,95,5,2,4,1
ADOPTER,2695,4,3,2,3,5,1,5,99
ADOPTER,2696,4,2,3,4,5,4,3,2
ADOPTER,2697,4,2,2,95,3,3,1,2
ADOPTER,2698,2,,4,5,5,2,1,1
ADOPTER,2699,4,4,3,5,1,4,1,2
ADOPTER,2700,1,2,3,4,5,2,2,2
ADOPTER,2701,4,2,2,4,1,4,4,2
ADOPTER,2702,4,1,2,2,4,3,4,2
ADOPTER,2703,4,1,3,2,4,3,3,2
ADOPTER,2704,4,2,4,3,5,3,2,2
ADOPTER,2705,4,3,2,95,5,5,4,2
ADOPTER,2706,4,4,2,5,3,97,3,2
ADOPTER,2707,2,3,2,3,3,97,4,2
ADOPTER,2708,4,2,2,3,1,90,4,2
ADOPTER,2709,4,2,2,5,4,3,4,2
ADOPTER,2710,4,1,2,3,3,3,4,2
ADOPTER,2711,1,1,2,,2,97,3,2
ADOPTER,2712,2,3,4,5,5,2,4,2
ADOPTER,2713,4,3,3,95,3,3,3,2
ADOPTER,2714,4,3,4,3,4,4,4,2
ADOPTER,2715,1,2,4,2,5,1,2,2
ADOPTER,2716,4,3,3,4,5,2,3,1
ADOPTER,2717,4,2,2,4,1,5,2,2
ADOPTER,2718,4,4,,95,4,2,2,1
ADOPTER,2719,4,2,4,3,5,2,2,99
ADOPTER,2720,4,2,3,4,3,5,4,2
ADOPTER,2721,4,1,3,95,3,4,3,2
ADOPTER,2722,4,4,3,95,5,3,3,99
ADOPTER,2723,4,3,4,4,2,5,5,99
ADOPTER,2724,1,3,2,5,2,3,3,2
ADOPTER,2725,4,4,4,95,3,5,3,1
ADOPTER,2726,4,4,3,95,5,3,2,2
ADOPTER,2727,3,3,3,99,5,2,4,1
ADOPTER,2728,4,4,3,5,3,1,2,1
ADOPTER,2729,4,4,3,4,3,90,2,1
ADOPTER,2730,4,2,99,95,2,90,1,2
ADOPTER,2731,4,1,2,1,4,97,3,2
ADOPTER,2732,4,4,,3,1,3,3,2
ADOPTER,2733,1,4,4,95,4,3,2,1
ADOPTER,2734,4,1,3,4,5,2,4,2
ADOPTER,2735,1,2,2,99,5,3,3,2
ADOPTER,2736,4,4,2,3,4,3,3,2
ADOPTER,2737,4,3,2,95,5,3,3,2
ADOPTER,2738,4,2,4,4,1,90,2,2
ADOPTER,2739,4,4,2,5,1,4,4,2
ADOPTER,2740,4,4,4,95,4,97,2,1
ADOPTER,2741,4,3,3,4,4,3,3,2
ADOPTER,2742,4,2,2,3,3,97,2,2
ADOPTER,2743,4,4,3,5,4,2,4,2
ADOPTER,2744,4,,2,95,3,97,4,99
ADOPTER,2745,4,1,,95,3,4,2,2
ADOPTER,2746,4,2,2,95,4,2,4,2
ADOPTER,2747,2,3,4,4,5,3,4,2
ADOPTER,2748,4,1,2,5,2,3,1,2
ADOPTER,2749,3,4,3,4,5,4,2,2
ADOPTER,2750,4,4,4,5,5,2,4,
ADOPTER,2751,2,,3,4,5,3,2,2
ADOPTER,2752,4,,3,4,4,2,4,2
ADOPTER,2753,4,2,3,3,5,1,1,99
ADOPTER,2754,2,,4,5,98,4,2,1
ADOPTER,2755,4,,2,5,5,3,5,2
ADOPTER,2756,4,4,2,2,99,4,4,99
ADOPTER,2757,4,3,4,5,2,4,3,2
ADOPTER,2758,2,2,3,4,3,4,3,2
ADOPTER,2759,4,2,4,95,5,2,4,99
ADOPTER,2760,4,2,2,1,3,2,4,2
ADOPTER,2761,4,4,3,95,4,4,4,2
ADOPTER,2762,4,4,3,4,1,4,4,2
ADOPTER,2763,4,3,2,5,3,3,4,1
ADOPTER,2764,4,2,2,4,5,97,4,2
ADOPTER,2765,4,4,4,5,4,5,4,1
ADOPTER,2766,4,1,2,4,4,2,4,99
ADOPTER,2767,4,2,2,2,5,3,3,1
ADOPTER,2768,4,2,99,99,1,90,2,1
ADOPTER,2769,4,3,,4,4,5,3,2
ADOPTER,2770,4,2,2,4,4,3,4,2
ADOPTER,2771,4,3,3,5,1,4,1,1
ADOPTER,2772,4,4,4,5,4,3,4,2
ADOPTER,2773,1,,,1,4,3,3,99
ADOPTER,2774,4,2,3,4,5,4,1,1
ADOPTER,2775,4,,3,3,5,3,4,2
ADOPTER,2776,3,1,4,3,4,3,1,1
ADOPTER,2777,4,2,2,4,2,4,2,2
ADOPTER,2778,4,3,3,5,4,3,2,2
ADOPTER,2779,4,1,2,2,4,3,3,1
ADOPTER,2780,4,3,4,99,3,4,2,1
ADOPTER,2781,4,2,2,1,4,3,4,2
ADOPTER,2782,2,2,2,3,5,4,5,2
ADOPTER,2783,4,2,3,95,3,5,3,1
ADOPTER,2784,4,1,4,4,4,4,3,2
ADOPTER,2785,4,4,2,95,5,2,3,2
ADOPTER,2786,4,3,3,5,1,5,2,2
ADOPTER,2787,4,2,4,2,5,90,2,1
ADOPTER,2788,4,4,2,4,3,4,4,2
ADOPTER,2789,1,,4,95,5,1,1,1
ADOPTER,2790,4,3,3,4,3,4,3,2
ADOPTER,2791,4,2,1,2,4,3,1,99
ADOPTER,2792,4,1,,95,3,99,2,2
ADOPTER,2793,2,2,4,,5,2,2,2
ADOPTER,2794,4,4,2,3,4,4,4,2
ADOPTER,2795,4,1,1,1,4,4,4,2
ADOPTER,2796,2,3,4,95,5,2,4,2
ADOPTER,2797,4,3,3,2,1,5,4,99
ADOPTER,2798,4,2,2,4,5,2,5,2
ADOPTER,2799,4,4,4,95,3,3,4,1
ADOPTER,2800,2,3,3,4,4,3,4,2
ADOPTER,2801,3,3,4,3,5,1,2,2
ADOPTER,2802,4,3,4,95,3,3,3,1
ADOPTER,2803,4,3,3,5,4,3,3,2
ADOPTER,2804,4,2,,3,3,3,3,1
ADOPTER,2805,4,2,2,3,2,5,4,2
ADOPTER,2806,2,,3,4,3,5,2,1
ADOPTER,2807,1,3,3,4,4,3,4,2
ADOPTER,2808,4,2,2,2,3,5,4,2
ADOPTER,2809,4,2,2,2,3,3,2,2
ADOPTER,2810,4,1,2,5,4,4,2,2
ADOPTER,2811,4,3,2,3,1,4,4,2
ADOPTER,2812,4,2,2,3,98,99,2,1
ADOPTER,2813,4,3,4,4,4,3,2,1
ADOPTER,2814,4,4,2,2,5,1,3,2
ADOPTER,2815,4,2,,95,5,2,4,1
ADOPTER,2816,4,,4,4,4,2,5,1
ADOPTER,2817,4,4,,5,1,4,5,2
ADOPTER,2818,4,3,3,95,3,90,3,2
ADOPTER,2819,4,1,4,,1,5,2,99
ADOPTER,2820,4,4,4,4,3,4,4,2
ADOPTER,2821,4,2,4,95,4,99,2,1
ADOPTER,2822,3,1,3,1,4,1,4,2
ADOPTER,2823,4,3,3,,4,4,2,2
ADOPTER,2824,4,4,,5,3,3,4,1
ADOPTER,2825,4,3,2,1,4,4,2,2
ADOPTER,2826,4,1,2,3,4,3,4,2
ADOPTER,2827,4,2,1,2,98,4,3,2
ADOPTER,2828,3,1,3,2,5,2,2,2
ADOPTER,2829,4,4,,5,4,2,2,1
ADOPTER,2830,4,2,2,4,4,4,2,1
ADOPTER,2831,1,1,,4,5,5,1,2
ADOPTER,2832,4,1,2,,5,3,2,2
ADOPTER,2833,2,4,,4,3,4,4,2
ADOPTER,2834,4,4,4,95,3,3,1,1
ADOPTER,2835,4,4,4,5,5,2,1,2
ADOPTER,2836,4,2,2,4,4,3,2,1
ADOPTER,2837,4,3,2,2,3,3,3,1
ADOPTER,2838,4,4,4,4,5,2,4,1
ADOPTER,2839,4,2,4,4,4,2,4,2
ADOPTER,2840,4,3,4,5,5,2,2,2
ADOPTER,2841,4,4,2,4,98,3,4,1
ADOPTER,2842,4,4,3,95,4,3,4,2
ADOPTER,2843,4,2,2,95,3,4,4,2
ADOPTER,2844,4,4,3,95,5,2,5,1
ADOPTER,2845,4,4,4,4,4,3,3,2
ADOPTER,2846,4,4,2,2,98,3,3,2
ADOPTER,2847,4,2,2,2,1,5,4,1
ADOPTER,2848,4,4,3,99,4,4,4,99
ADOPTER,2849,4,1,3,1,5,3,2,2
ADOPTER,2850,2,2,3,3,2,4,2,2
ADOPTER,2851,2,2,1,4,4,3,2,2
ADOPTER,2852,4,3,3,1,3,5,3,99
ADOPTER,2853,4,2,2,3,4,3,2,2
ADOPTER,2854,4,3,3,95,3,3,3,99
ADOPTER,2855,2,2,3,3,5,2,1,2
ADOPTER,2856,4,2,4,4,4,4,3,99
ADOPTER,2857,2,1,2,95,1,4,3,99
ADOPTER,2858,2,3,,4,3,3,3,99
ADOPTER,2859,1,4,4,5,4,4,2,1
ADOPTER,2860,4,3,,5,4,4,4,2
ADOPTER,2861,4,2,3,5,1,5,4,2
ADOPTER,2862,4,2,4,,1,3,2,2
ADOPTER,2863,1,,3,5,3,3,1,1
ADOPTER,2864,4,2,3,3,5,3,4,1
ADOPTER,2865,1,,2,,2,97,3,2
ADOPTER,2866,1,2,4,4,5,4,2,2
ADOPTER,2867,4,3,2,4,3,3,2,1
ADOPTER,2868,4,3,3,1,5,2,2,2
ADOPTER,2869,4,1,4,3,5,2,3,1
ADOPTER,2870,4,3,3,2,4,4,4,99
ADOPTER,2871,3,2,3,4,4,2,4,2
ADOPTER,2872,3,,4,95,4,90,4,2
ADOPTER,2873,3,4,3,,4,4,4,2
ADOPTER,2874,3,3,4,3,5,2,3,2
ADOPTER,2875,3,2,3,2,5,2,2,
ADOPTER,2876,3,2,2,1,5,1,3,2
ADOPTER,2877,3,4,3,95,5,97,4,1
ADOPTER,2878,3,4,4,4,4,3,3,2
ADOPTER,2879,3,4,2,1,5,1,2,2
ADOPTER,2880,3,2,2,2,4,4,5,1
ADOPTER,2881,3,2,2,4,3,5,1,1
ADOPTER,2882,3,3,,95,5,2,4,1
ADOPTER,2883,3,2,2,5,4,3,4,2
ADOPTER,2884,3,2,2,95,3,4,4,1
ADOPTER,2885,3,3,3,4,3,5,4,2
ADOPTER,2886,3,4,3,1,5,4,4,2
ADOPTER,2887,3,,99,99,99,99,99,99
ADOPTER,2888,3,3,4,95,4,4,3,1
ADOPTER,2889,3,2,,4,2,5,1,1
ADOPTER,2890,3,3,2,3,5,4,2,2
ADOPTER,2891,3,3,2,5,98,3,4,2
ADOPTER,2892,3,3,3,95,1,3,4,1
ADOPTER,2893,3,2,2,1,5,2,4,
ADOPTER,2894,3,2,2,2,3,3,3,1
ADOPTER,2895,3,2,3,3,4,3,2,
ADOPTER,2896,3,4,4,95,5,2,3,1
ADOPTER,2897,3,3,2,4,3,3,4,2
ADOPTER,2898,3,,4,4,4,4,2,1
ADOPTER,2899,3,1,,1,5,2,2,2
ADOPTER,2900,3,1,3,1,5,1,2,1
ADOPTER,2901,3,1,2,1,5,2,5,2
ADOPTER,2902,3,2,2,2,4,3,4,2
ADOPTER,2903,3,3,2,2,3,4,3,1
ADOPTER,2904,3,2,3,3,5,2,2,1
ADOPTER,2905,3,3,4,4,4,3,3,
ADOPTER,2906,3,1,1,1,5,97,3,1
ADOPTER,2907,3,,4,3,5,3,4,1
ADOPTER,2908,3,4,3,1,4,4,5,1
ADOPTER,2909,3,,3,3,98,3,2,1
ADOPTER,2910,3,2,3,2,5,2,3,1
ADOPTER,2911,3,1,4,4,5,2,2,2
ADOPTER,2912,3,4,4,5,4,4,3,1
ADOPTER,2913,3,4,4,95,5,2,2,2
ADOPTER,2914,3,3,1,2,5,3,3,2
ADOPTER,2915,3,3,2,4,4,4,3,2
ADOPTER,2916,3,2,,5,5,3,4,2
ADOPTER,2917,3,1,2,2,4,97,2,2
ADOPTER,2918,3,3,3,95,1,5,2,1
ADOPTER,2919,3,3,,95,3,3,2,1
ADOPTER,2920,3,2,3,1,4,4,4,1
ADOPTER,2921,3,4,2,4,5,3,3,1
ADOPTER,2922,3,2,3,3,3,2,2,2
ADOPTER,2923,3,4,4,1,5,90,2,2
ADOPTER,2924,3,4,4,4,5,4,3,2
ADOPTER,2925,3,,4,95,5,4,2,2
ADOPTER,2926,3,2,2,4,3,4,1,1
ADOPTER,2927,3,2,2,95,3,3,4,2
ADOPTER,2928,3,2,3,3,5,3,2,1
ADOPTER,2929,3,2,2,2,3,3,2,1
ADOPTER,2930,3,3,3,4,4,4,3,1
ADOPTER,2931,3,4,,5,4,4,4,1
ADOPTER,2932,3,2,2,95,3,97,4,2
ADOPTER,2933,3,3,4,2,4,4,3,2
ADOPTER,2934,3,2,2,4,4,97,4,2
ADOPTER,2935,3,3,3,2,4,1,3,2
ADOPTER,2936,3,2,99,,5,3,4,1
ADOPTER,2937,3,,99,99,5,3,2,1
ADOPTER,2938,3,,3,1,4,3,3,2
ADOPTER,2939,3,4,2,4,5,2,4,2
ADOPTER,2940,3,3,1,3,2,5,4,2
ADOPTER,2941,3,4,3,1,4,4,2,1
ADOPTER,2942,3,1,4,,4,90,4,1
ADOPTER,2943,3,2,3,2,3,4,3,1
ADOPTER,2944,3,3,4,1,3,4,1,1
ADOPTER,2945,3,2,3,3,3,3,3,1
CONSIDERER,2946,2,1,3,4,3,97,2,
CONSIDERER,2947,3,4,2,4,3,4,2,
CONSIDERER,2948,4,3,4,3,5,1,2,
CONSIDERER,2949,4,2,1,4,2,3,3,
CONSIDERER,2950,2,1,3,2,4,4,3,
CONSIDERER,2951,2,2,3,95,5,90,4,
CONSIDERER,2952,2,3,4,95,5,1,4,
CONSIDERER,2953,4,1,4,5,4,90,4,
CONSIDERER,2954,4,2,4,4,3,4,3,
CONSIDERER,2955,4,,4,99,5,3,3,
CONSIDERER,2956,4,3,2,4,4,4,2,
CONSIDERER,2957,2,2,3,3,4,2,3,
CONSIDERER,2958,4,2,4,95,98,1,5,
CONSIDERER,2959,4,1,2,1,5,3,3,
CONSIDERER,2960,4,1,3,95,3,90,3,
CONSIDERER,2961,4,1,3,4,5,1,5,
CONSIDERER,2962,4,2,2,95,2,4,3,
CONSIDERER,2963,4,2,3,3,3,90,1,
CONSIDERER,2964,1,2,4,95,4,1,2,
CONSIDERER,2965,4,3,2,3,2,5,2,
CONSIDERER,2966,4,2,4,5,4,2,4,
CONSIDERER,2967,4,2,3,3,3,1,4,
CONSIDERER,2968,2,,2,1,5,3,2,
CONSIDERER,2969,2,4,2,99,5,2,3,
CONSIDERER,2970,4,2,3,5,2,3,1,
CONSIDERER,2971,2,3,4,2,4,2,3,
CONSIDERER,2972,3,4,3,3,3,4,3,
CONSIDERER,2973,4,4,3,5,3,4,3,
CONSIDERER,2974,4,2,4,99,3,4,4,
CONSIDERER,2975,1,3,2,4,3,4,3,
CONSIDERER,2976,2,1,4,95,5,90,3,
CONSIDERER,2977,4,3,2,5,4,4,4,
CONSIDERER,2978,4,2,1,2,5,97,5,
CONSIDERER,2979,4,4,2,95,4,4,2,
CONSIDERER,2980,2,1,2,95,2,3,1,
CONSIDERER,2981,4,1,3,5,3,97,4,
CONSIDERER,2982,1,4,4,95,3,4,3,
CONSIDERER,2983,4,1,4,5,4,3,2,
CONSIDERER,2984,2,1,2,1,5,2,3,
CONSIDERER,2985,3,1,4,95,5,2,1,
CONSIDERER,2986,4,1,3,99,4,4,2,
CONSIDERER,2987,4,2,3,95,4,2,4,
CONSIDERER,2988,3,2,1,1,4,4,2,
CONSIDERER,2989,3,3,3,4,5,3,4,
CONSIDERER,2990,4,4,4,1,2,90,1,
CONSIDERER,2991,4,2,2,95,2,5,1,
CONSIDERER,2992,4,2,4,5,5,2,4,
CONSIDERER,2993,2,4,4,4,4,2,3,
CONSIDERER,2994,2,1,3,95,5,3,3,
CONSIDERER,2995,2,4,3,5,3,2,3,
CONSIDERER,2996,2,3,4,5,5,1,4,
CONSIDERER,2997,4,2,3,1,98,3,4,
CONSIDERER,2998,4,2,2,3,4,4,4,
CONSIDERER,2999,4,1,2,3,3,3,2,
CONSIDERER,3000,2,3,2,5,4,97,2,
CONSIDERER,3001,4,3,2,3,2,4,2,
CONSIDERER,3002,4,2,2,95,3,3,3,
CONSIDERER,3003,4,3,1,3,4,90,2,
CONSIDERER,3004,4,2,1,1,98,97,1,
CONSIDERER,3005,4,3,3,2,5,90,3,
CONSIDERER,3006,2,2,4,1,4,1,3,
CONSIDERER,3007,4,2,1,5,5,2,2,
CONSIDERER,3008,4,2,2,1,5,1,4,
CONSIDERER,3009,4,2,3,2,1,5,3,
CONSIDERER,3010,4,1,2,99,4,2,2,
CONSIDERER,3011,4,2,4,4,4,3,3,
CONSIDERER,3012,1,2,4,4,4,90,4,
CONSIDERER,3013,4,2,1,99,3,99,4,
CONSIDERER,3014,4,3,4,95,4,3,3,
CONSIDERER,3015,4,1,3,1,3,5,3,
CONSIDERER,3016,3,3,3,1,1,5,3,
CONSIDERER,3017,3,3,4,2,3,90,4,
CONSIDERER,3018,4,3,3,2,3,3,3,
CONSIDERER,3019,4,1,2,1,5,97,4,
CONSIDERER,3020,2,,4,99,4,97,3,
CONSIDERER,3021,4,4,4,5,5,3,4,
CONSIDERER,3022,2,4,2,5,4,5,4,
CONSIDERER,3023,4,4,4,95,3,5,4,
CONSIDERER,3024,2,1,1,1,5,3,3,
CONSIDERER,3025,2,2,3,2,4,3,3,
CONSIDERER,3026,3,2,4,4,4,3,3,
CONSIDERER,3027,4,4,2,1,4,3,4,
CONSIDERER,3028,4,4,4,99,2,3,2,
CONSIDERER,3029,2,1,3,4,3,3,2,
CONSIDERER,3030,2,4,4,4,2,4,1,
CONSIDERER,3031,2,1,2,1,4,90,4,
CONSIDERER,3032,2,1,4,5,4,3,2,
CONSIDERER,3033,1,2,2,2,3,4,3,
CONSIDERER,3034,4,4,3,4,3,3,4,
CONSIDERER,3035,4,2,1,5,1,5,4,
CONSIDERER,3036,4,2,2,95,3,3,2,
CONSIDERER,3037,4,3,2,4,4,2,4,
CONSIDERER,3038,2,1,2,1,5,2,2,
CONSIDERER,3039,4,3,3,5,2,3,2,
CONSIDERER,3040,3,3,3,1,4,3,2,
CONSIDERER,3041,4,4,4,4,3,2,2,
CONSIDERER,3042,4,1,2,4,3,3,3,
CONSIDERER,3043,4,4,3,95,5,2,2,
CONSIDERER,3044,2,,4,95,5,90,3,
CONSIDERER,3045,2,4,4,3,4,1,4,
CONSIDERER,3046,4,4,4,5,4,90,4,
CONSIDERER,3047,2,1,4,1,5,2,5,
CONSIDERER,3048,4,1,4,4,5,90,2,
CONSIDERER,3049,4,2,2,4,3,4,3,
CONSIDERER,3050,2,,2,1,5,2,5,
CONSIDERER,3051,2,1,1,3,5,4,3,
CONSIDERER,3052,4,2,2,5,5,3,4,
CONSIDERER,3053,1,4,2,4,3,3,3,
CONSIDERER,3054,1,1,2,99,1,4,3,
CONSIDERER,3055,4,1,2,95,1,90,1,
CONSIDERER,3056,4,4,2,5,1,4,3,
CONSIDERER,3057,4,1,3,1,5,3,2,
CONSIDERER,3058,1,2,4,99,4,1,1,
CONSIDERER,3059,2,1,4,95,4,3,3,
CONSIDERER,3060,4,2,3,95,4,3,3,
CONSIDERER,3061,3,1,3,2,5,2,3,
CONSIDERER,3062,4,3,4,5,5,2,3,
CONSIDERER,3063,2,1,3,95,5,2,4,
CONSIDERER,3064,3,1,3,4,2,5,3,
CONSIDERER,3065,4,3,4,1,4,2,2,
CONSIDERER,3066,4,4,3,95,1,90,3,
CONSIDERER,3067,4,1,3,2,5,2,2,
CONSIDERER,3068,4,3,3,5,5,99,3,
CONSIDERER,3069,2,2,4,3,5,90,3,
CONSIDERER,3070,4,4,3,5,4,4,4,
CONSIDERER,3071,4,3,4,4,5,1,2,
CONSIDERER,3072,4,1,3,5,3,4,4,
CONSIDERER,3073,4,2,3,5,2,4,4,
CONSIDERER,3074,2,2,3,95,1,5,3,
CONSIDERER,3075,4,2,1,2,3,4,3,
CONSIDERER,3076,4,2,2,2,2,4,1,
CONSIDERER,3077,4,4,4,1,3,2,4,
CONSIDERER,3078,4,1,2,4,5,2,3,
CONSIDERER,3079,4,2,2,4,4,3,3,
CONSIDERER,3080,2,,4,1,5,1,5,
CONSIDERER,3081,4,2,4,3,5,90,4,
CONSIDERER,3082,4,2,3,2,4,3,4,
CONSIDERER,3083,4,,3,5,4,4,3,
CONSIDERER,3084,2,1,3,3,1,4,1,
CONSIDERER,3085,2,2,1,2,3,3,1,
CONSIDERER,3086,1,2,3,3,3,2,2,
CONSIDERER,3087,4,1,4,3,5,3,4,
CONSIDERER,3088,4,3,2,4,1,97,4,
CONSIDERER,3089,4,4,4,5,1,4,3,
CONSIDERER,3090,4,4,4,95,4,2,4,
CONSIDERER,3091,4,3,4,4,2,5,3,
CONSIDERER,3092,2,2,4,95,4,3,3,
CONSIDERER,3093,4,1,3,1,3,2,3,
CONSIDERER,3094,2,1,3,1,4,2,4,
CONSIDERER,3095,3,1,2,2,3,4,2,
CONSIDERER,3096,4,4,4,2,2,4,4,
CONSIDERER,3097,3,4,4,3,1,4,4,
CONSIDERER,3098,2,4,3,3,4,3,4,
CONSIDERER,3099,1,3,3,4,4,4,4,
CONSIDERER,3100,4,4,3,4,4,4,4,
CONSIDERER,3101,2,1,2,2,4,4,4,
CONSIDERER,3102,2,4,2,3,3,3,4,
CONSIDERER,3103,1,4,2,5,2,4,3,
CONSIDERER,3104,2,2,2,2,4,3,2,
CONSIDERER,3105,1,2,4,3,4,3,3,
CONSIDERER,3106,1,4,1,3,5,3,4,
CONSIDERER,3107,1,3,4,3,4,3,4,
CONSIDERER,3108,2,1,4,5,5,2,4,
CONSIDERER,3109,3,3,2,3,3,3,2,
CONSIDERER,3110,3,1,2,1,4,3,3,
CONSIDERER,3111,2,3,1,5,3,97,3,
CONSIDERER,3112,3,,1,1,3,3,3,
CONSIDERER,3113,2,4,3,5,5,2,4,
CONSIDERER,3114,2,1,2,2,4,2,2,
CONSIDERER,3115,2,1,2,4,5,2,2,
CONSIDERER,3116,3,1,1,1,3,1,4,
CONSIDERER,3117,2,,2,4,1,5,1,
CONSIDERER,3118,3,1,3,2,1,4,2,
CONSIDERER,3119,4,1,4,4,3,2,3,
CONSIDERER,3120,1,2,2,3,4,1,4,
CONSIDERER,3121,2,1,1,2,5,3,5,
CONSIDERER,3122,4,1,4,5,3,2,4,
CONSIDERER,3123,3,2,2,4,3,5,5,
CONSIDERER,3124,2,4,2,2,3,2,4,
CONSIDERER,3125,1,1,2,2,3,3,4,
CONSIDERER,3126,4,,1,3,4,3,4,
CONSIDERER,3127,4,1,1,1,1,4,1,
CONSIDERER,3128,4,4,4,5,4,3,3,
CONSIDERER,3129,1,1,2,2,98,90,3,
CONSIDERER,3130,2,2,2,2,5,3,4,
CONSIDERER,3131,4,4,3,5,3,3,3,
CONSIDERER,3132,2,2,3,3,3,4,3,
CONSIDERER,3133,4,3,4,5,5,4,4,
CONSIDERER,3134,1,1,2,3,4,3,3,
CONSIDERER,3135,3,3,3,2,2,4,4,
CONSIDERER,3136,2,2,2,3,5,4,5,
CONSIDERER,3137,2,4,4,4,4,2,4,
CONSIDERER,3138,4,,3,3,5,3,4,
CONSIDERER,3139,1,1,3,2,4,3,5,
CONSIDERER,3140,1,3,4,4,4,3,4,
CONSIDERER,3141,2,2,4,4,5,3,3,
CONSIDERER,3142,2,2,4,5,4,1,2,
CONSIDERER,3143,4,1,2,1,3,2,4,
CONSIDERER,3144,2,3,4,4,4,3,4,
CONSIDERER,3145,3,3,2,3,2,3,4,
CONSIDERER,3146,1,3,2,1,4,5,3,
CONSIDERER,3147,1,3,4,5,4,4,5,
CONSIDERER,3148,1,1,2,4,4,1,4,
CONSIDERER,3149,2,3,3,4,4,3,5,
CONSIDERER,3150,3,,3,1,5,1,5,
CONSIDERER,3151,2,,4,3,2,3,5,
CONSIDERER,3152,3,3,4,4,5,3,5,
CONSIDERER,3153,3,4,2,4,3,97,3,
CONSIDERER,3154,1,3,3,4,3,3,5,
CONSIDERER,3155,1,4,3,5,4,3,5,
CONSIDERER,3156,2,1,4,5,3,5,3,
CONSIDERER,3157,1,2,2,2,4,2,2,
CONSIDERER,3158,3,4,3,2,3,1,5,
CONSIDERER,3159,1,,4,95,4,2,3,
CONSIDERER,3160,3,4,3,3,5,2,4,
CONSIDERER,3161,2,1,1,2,3,3,1,
CONSIDERER,3162,4,4,3,4,4,4,4,
CONSIDERER,3163,1,1,3,4,3,1,5,
CONSIDERER,3164,3,4,4,5,2,2,4,
CONSIDERER,3165,4,4,4,5,4,4,3,
CONSIDERER,3166,1,2,2,2,4,3,3,
CONSIDERER,3167,1,1,4,3,5,3,4,
CONSIDERER,3168,4,3,3,3,3,3,3,
CONSIDERER,3169,2,1,1,2,4,4,4,
CONSIDERER,3170,3,2,4,1,4,2,2,
CONSIDERER,3171,3,1,4,1,5,1,2,
CONSIDERER,3172,2,4,3,5,5,3,4,
CONSIDERER,3173,2,1,3,2,1,4,3,
CONSIDERER,3174,1,3,2,4,5,3,3,
CONSIDERER,3175,4,1,3,3,4,3,4,
CONSIDERER,3176,4,4,3,3,5,2,5,
CONSIDERER,3177,2,2,2,1,3,1,3,
CONSIDERER,3178,1,2,1,2,98,97,,
CONSIDERER,3179,3,3,4,3,4,2,3,
CONSIDERER,3180,2,2,1,2,3,3,4,
CONSIDERER,3181,4,1,4,5,4,2,2,
CONSIDERER,3182,1,3,3,3,5,3,4,
CONSIDERER,3183,3,2,2,2,2,5,4,
CONSIDERER,3184,3,3,2,1,5,4,4,
CONSIDERER,3185,4,3,4,2,5,3,4,
CONSIDERER,3186,4,3,2,3,4,2,2,
CONSIDERER,3187,3,3,3,95,1,5,2,
CONSIDERER,3188,3,1,2,2,4,3,3,
CONSIDERER,3189,3,1,2,2,5,3,4,
CONSIDERER,3190,2,2,4,4,5,1,4,
CONSIDERER,3191,2,2,2,1,3,3,3,
CONSIDERER,3192,4,3,4,3,5,1,4,
CONSIDERER,3193,2,1,3,3,4,3,3,
CONSIDERER,3194,2,,3,1,4,3,4,
CONSIDERER,3195,4,,3,4,2,2,3,
CONSIDERER,3196,2,2,1,5,98,97,2,
CONSIDERER,3197,1,,3,3,3,2,3,
CONSIDERER,3198,4,,1,2,3,3,4,
CONSIDERER,3199,3,4,4,5,3,2,2,
CONSIDERER,3200,2,1,4,4,4,3,4,
CONSIDERER,3201,4,1,2,4,4,2,3,
CONSIDERER,3202,2,4,4,4,4,4,4,
CONSIDERER,3203,2,,4,2,5,3,4,
CONSIDERER,3204,3,3,4,3,5,5,3,
CONSIDERER,3205,1,3,4,5,4,2,3,
CONSIDERER,3206,2,1,4,5,5,1,4,
CONSIDERER,3207,3,1,4,1,5,1,1,
CONSIDERER,3208,4,4,4,5,3,4,5,
CONSIDERER,3209,4,3,4,3,5,2,5,
CONSIDERER,3210,3,2,4,3,4,3,4,
CONSIDERER,3211,1,2,4,4,3,2,2,
CONSIDERER,3212,2,2,3,1,3,1,1,
CONSIDERER,3213,4,1,2,3,3,3,5,
CONSIDERER,3214,4,4,3,5,3,3,4,
CONSIDERER,3215,3,2,3,1,4,2,1,
CONSIDERER,3216,1,2,1,3,3,2,3,
CONSIDERER,3217,2,,1,2,3,4,4,
CONSIDERER,3218,1,2,2,2,3,2,5,
CONSIDERER,3219,1,2,2,1,4,5,4,
CONSIDERER,3220,3,1,4,3,5,4,2,
CONSIDERER,3221,1,1,3,4,3,4,3,
CONSIDERER,3222,1,1,1,1,3,90,3,
CONSIDERER,3223,3,4,4,3,3,2,3,
CONSIDERER,3224,3,1,2,1,1,3,5,
CONSIDERER,3225,2,1,3,4,5,4,4,
CONSIDERER,3226,3,1,2,1,2,4,2,
CONSIDERER,3227,2,,4,3,5,4,4,
CONSIDERER,3228,3,2,2,2,4,4,3,
CONSIDERER,3229,4,2,2,2,5,4,4,
CONSIDERER,3230,2,1,4,3,5,97,4,
CONSIDERER,3231,2,4,2,2,4,4,5,
CONSIDERER,3232,3,3,2,2,3,3,2,
CONSIDERER,3233,1,1,1,4,5,3,4,
CONSIDERER,3234,2,1,4,1,3,4,4,
CONSIDERER,3235,4,1,3,4,3,2,4,
CONSIDERER,3236,2,3,2,2,98,3,2,
CONSIDERER,3237,1,2,4,3,5,2,2,
CONSIDERER,3238,2,4,3,5,5,4,4,
CONSIDERER,3239,4,,2,95,3,3,4,
CONSIDERER,3240,2,1,4,4,4,2,3,
CONSIDERER,3241,4,2,2,1,5,3,4,
CONSIDERER,3242,2,1,3,4,98,3,1,
CONSIDERER,3243,2,1,2,1,3,90,3,
CONSIDERER,3244,2,,1,1,5,4,4,
CONSIDERER,3245,2,1,2,1,3,90,1,
CONSIDERER,3246,4,3,2,2,5,5,4,
CONSIDERER,3247,2,2,1,1,5,4,3,
CONSIDERER,3248,4,1,4,2,98,1,3,
CONSIDERER,3249,2,1,2,1,3,4,2,
CONSIDERER,3250,2,1,3,3,4,3,4,
CONSIDERER,3251,3,,3,1,4,3,2,
CONSIDERER,3252,2,1,2,3,5,3,3,
CONSIDERER,3253,3,3,1,4,4,3,4,
CONSIDERER,3254,1,,4,5,2,1,1,
CONSIDERER,3255,3,1,3,3,3,3,2,
CONSIDERER,3256,4,1,4,2,5,2,3,
CONSIDERER,3257,4,4,4,3,4,4,4,
CONSIDERER,3258,1,2,2,1,4,4,5,
CONSIDERER,3259,1,2,4,3,5,4,1,
CONSIDERER,3260,2,1,3,2,5,3,4,
CONSIDERER,3261,2,3,3,4,1,3,2,
CONSIDERER,3262,2,2,4,1,5,90,2,
CONSIDERER,3263,3,3,4,1,5,2,2,
CONSIDERER,3264,4,3,4,3,4,4,5,
CONSIDERER,3265,3,2,2,1,4,2,4,
CONSIDERER,3266,4,1,3,4,4,2,3,
CONSIDERER,3267,3,2,2,4,4,2,4,
CONSIDERER,3268,2,3,3,2,4,3,3,
CONSIDERER,3269,3,1,2,1,4,5,2,
CONSIDERER,3270,2,1,3,4,5,1,2,
CONSIDERER,3271,3,2,2,2,4,4,3,
CONSIDERER,3272,2,2,4,95,5,97,2,
CONSIDERER,3273,3,2,3,3,4,97,3,
CONSIDERER,3274,2,,4,5,5,1,5,
CONSIDERER,3275,2,4,3,5,4,4,3,
CONSIDERER,3276,3,3,3,4,2,5,5,
CONSIDERER,3277,4,1,4,2,4,4,4,
CONSIDERER,3278,3,1,3,2,3,2,4,
CONSIDERER,3279,4,,4,5,3,97,3,
CONSIDERER,3280,1,2,2,95,4,2,3,
CONSIDERER,3281,1,4,1,3,4,3,2,
CONSIDERER,3282,4,,3,4,3,3,3,
CONSIDERER,3283,2,1,1,3,3,3,3,
CONSIDERER,3284,2,1,1,1,4,3,2,
CONSIDERER,3285,4,,3,3,4,3,5,
CONSIDERER,3286,2,2,3,2,4,3,3,
CONSIDERER,3287,1,3,3,3,5,3,4,
CONSIDERER,3288,4,2,3,4,2,5,2,
CONSIDERER,3289,2,,4,3,5,3,4,
CONSIDERER,3290,3,2,2,95,4,5,5,
CONSIDERER,3291,2,1,4,5,3,1,3,
CONSIDERER,3292,2,1,4,3,5,3,5,
CONSIDERER,3293,2,,4,1,,1,1,
CONSIDERER,3294,4,1,1,2,4,2,2,
CONSIDERER,3295,1,2,4,4,5,5,3,
CONSIDERER,3296,4,3,3,3,5,2,5,
CONSIDERER,3297,4,2,4,3,4,3,3,
CONSIDERER,3298,1,2,3,2,1,90,2,
CONSIDERER,3299,4,4,3,1,4,3,3,
CONSIDERER,3300,3,4,2,2,5,1,4,
CONSIDERER,3301,2,4,4,3,3,4,4,
CONSIDERER,3302,2,3,1,3,3,97,3,
CONSIDERER,3303,4,1,2,2,5,1,4,
CONSIDERER,3304,3,,2,2,4,3,4,
CONSIDERER,3305,4,4,4,5,1,3,3,
CONSIDERER,3306,3,1,1,2,4,3,4,
CONSIDERER,3307,1,2,4,5,4,1,4,
CONSIDERER,3308,1,4,4,5,2,90,3,
CONSIDERER,3309,2,,4,4,4,3,5,
CONSIDERER,3310,2,1,2,1,3,97,3,
CONSIDERER,3311,2,1,4,3,5,2,4,
CONSIDERER,3312,2,4,4,3,5,2,4,
CONSIDERER,3313,2,3,2,4,5,2,3,
CONSIDERER,3314,1,2,1,1,3,97,2,
CONSIDERER,3315,2,4,4,4,5,1,3,
CONSIDERER,3316,2,2,2,5,5,3,4,
CONSIDERER,3317,3,2,2,2,2,5,4,
CONSIDERER,3318,3,1,3,3,4,4,2,
CONSIDERER,3319,4,4,3,5,4,4,4,
CONSIDERER,3320,2,,3,3,5,4,3,
CONSIDERER,3321,2,2,3,2,3,3,2,
CONSIDERER,3322,4,3,3,1,1,4,3,
CONSIDERER,3323,4,2,1,95,4,1,3,
CONSIDERER,3324,2,1,2,2,4,3,4,
CONSIDERER,3325,1,3,4,4,4,3,2,
CONSIDERER,3326,4,4,4,5,3,3,4,
CONSIDERER,3327,3,3,3,3,3,5,3,
CONSIDERER,3328,4,2,3,2,3,4,3,
CONSIDERER,3329,3,1,2,95,2,4,2,
CONSIDERER,3330,3,2,4,4,5,1,2,
CONSIDERER,3331,4,,2,3,4,2,4,
CONSIDERER,3332,4,2,4,1,4,3,2,
CONSIDERER,3333,4,4,3,4,4,3,2,
CONSIDERER,3334,2,1,2,3,4,1,5,
CONSIDERER,3335,2,,1,5,5,97,5,
CONSIDERER,3336,2,4,2,4,3,2,1,
CONSIDERER,3337,3,4,2,2,5,3,3,
CONSIDERER,3338,2,4,3,3,1,5,3,
CONSIDERER,3339,1,1,3,2,3,4,3,
CONSIDERER,3340,1,3,2,2,3,1,4,
CONSIDERER,3341,4,2,1,5,4,1,1,
CONSIDERER,3342,2,4,4,4,4,1,4,
CONSIDERER,3343,1,1,3,1,5,4,3,
CONSIDERER,3344,4,2,2,1,4,3,1,
CONSIDERER,3345,1,2,3,2,3,5,4,
CONSIDERER,3346,3,4,4,4,4,4,4,
CONSIDERER,3347,2,1,2,4,98,4,1,
CONSIDERER,3348,1,4,3,5,3,97,4,
CONSIDERER,3349,2,2,4,3,3,3,2,
CONSIDERER,3350,2,3,3,2,5,3,5,
CONSIDERER,3351,1,4,3,4,3,5,4,
CONSIDERER,3352,1,4,3,3,98,97,3,
CONSIDERER,3353,2,4,3,5,5,4,2,
CONSIDERER,3354,2,1,2,4,3,3,3,
CONSIDERER,3355,2,3,1,1,4,4,1,
CONSIDERER,3356,4,1,4,4,4,2,4,
CONSIDERER,3357,3,1,2,3,5,1,5,
CONSIDERER,3358,3,1,2,3,4,3,3,
CONSIDERER,3359,2,,3,4,3,4,3,
CONSIDERER,3360,2,1,1,5,4,3,4,
CONSIDERER,3361,3,4,2,4,3,3,3,
CONSIDERER,3362,1,3,3,2,3,3,4,
CONSIDERER,3363,4,1,2,1,4,3,3,
CONSIDERER,3364,2,4,2,1,1,4,4,
CONSIDERER,3365,3,3,3,3,3,5,2,
CONSIDERER,3366,4,,4,4,4,2,5,
CONSIDERER,3367,3,3,2,2,3,4,4,
CONSIDERER,3368,1,2,1,2,5,3,4,
CONSIDERER,3369,3,1,3,4,5,4,4,
CONSIDERER,3370,4,3,2,3,4,4,3,
CONSIDERER,3371,4,1,2,2,4,3,2,
CONSIDERER,3372,2,3,4,4,5,2,4,
CONSIDERER,3373,2,,3,3,4,3,4,
CONSIDERER,3374,1,1,2,2,3,3,2,
CONSIDERER,3375,2,4,4,3,3,1,2,
CONSIDERER,3376,1,3,4,5,3,2,4,
CONSIDERER,3377,1,3,1,4,2,4,4,
CONSIDERER,3378,4,4,3,5,4,1,4,
CONSIDERER,3379,2,2,2,1,4,3,2,
CONSIDERER,3380,3,4,2,2,4,97,3,
CONSIDERER,3381,1,2,2,4,4,97,5,
CONSIDERER,3382,4,2,4,95,4,3,3,
CONSIDERER,3383,1,4,2,4,4,5,4,
CONSIDERER,3384,1,3,4,3,4,1,4,
CONSIDERER,3385,1,2,2,4,5,97,5,
CONSIDERER,3386,4,1,4,1,5,4,3,
CONSIDERER,3387,2,4,4,4,5,2,3,
CONSIDERER,3388,3,1,2,1,1,90,2,
CONSIDERER,3389,3,3,1,1,5,3,4,
CONSIDERER,3390,1,2,2,3,3,4,4,
CONSIDERER,3391,3,3,3,3,5,3,5,
CONSIDERER,3392,4,1,1,4,5,2,4,
CONSIDERER,3393,1,3,2,1,4,1,3,
CONSIDERER,3394,2,4,4,3,5,1,4,
CONSIDERER,3395,3,3,3,3,4,4,5,
CONSIDERER,3396,1,,2,3,4,2,4,
CONSIDERER,3397,4,3,3,5,4,3,4,
CONSIDERER,3398,4,4,1,1,5,1,4,
CONSIDERER,3399,3,4,4,4,5,2,4,
CONSIDERER,3400,1,4,3,5,4,2,4,
CONSIDERER,3401,1,2,1,2,3,3,4,
CONSIDERER,3402,4,2,2,1,5,4,3,
CONSIDERER,3403,1,,4,4,3,3,4,
CONSIDERER,3404,3,1,2,2,4,4,4,
CONSIDERER,3405,3,4,2,4,3,4,4,
CONSIDERER,3406,4,,4,2,5,3,3,
CONSIDERER,3407,1,2,1,2,4,3,3,
CONSIDERER,3408,1,1,2,4,5,4,2,
CONSIDERER,3409,4,3,3,5,4,3,2,
CONSIDERER,3410,1,4,3,4,1,5,4,
CONSIDERER,3411,2,1,4,4,4,3,1,
CONSIDERER,3412,4,1,2,2,3,2,3,
CONSIDERER,3413,1,2,2,3,3,97,2,
CONSIDERER,3414,2,4,2,1,3,3,2,
CONSIDERER,3415,1,,1,95,4,97,3,
CONSIDERER,3416,2,3,2,2,4,3,3,
CONSIDERER,3417,2,4,2,5,1,3,4,
CONSIDERER,3418,3,3,4,4,5,2,2,
CONSIDERER,3419,2,1,4,1,4,3,4,
CONSIDERER,3420,3,2,1,1,4,3,4,
CONSIDERER,3421,4,4,3,3,3,2,4,
CONSIDERER,3422,2,,3,4,2,4,4,
CONSIDERER,3423,2,1,3,2,3,3,4,
CONSIDERER,3424,1,2,3,4,5,97,3,
CONSIDERER,3425,4,2,2,3,4,4,2,
CONSIDERER,3426,4,2,2,2,4,3,4,
CONSIDERER,3427,4,4,3,3,4,2,3,
CONSIDERER,3428,2,3,4,4,4,4,4,
CONSIDERER,3429,4,2,3,4,1,3,1,
CONSIDERER,3430,4,1,4,3,4,2,3,
CONSIDERER,3431,2,2,3,4,4,2,3,
CONSIDERER,3432,3,1,1,2,4,3,3,
CONSIDERER,3433,2,4,3,1,5,1,5,
CONSIDERER,3434,2,1,4,3,5,1,3,
CONSIDERER,3435,2,3,4,4,3,4,3,
CONSIDERER,3436,2,3,3,4,2,5,1,
CONSIDERER,3437,1,3,3,1,4,3,1,
CONSIDERER,3438,2,4,3,5,4,3,1,
CONSIDERER,3439,4,2,4,5,2,2,4,
CONSIDERER,3440,4,4,3,1,4,2,3,
CONSIDERER,3441,3,3,1,3,5,5,5,
CONSIDERER,3442,1,2,3,3,5,2,3,
CONSIDERER,3443,3,3,4,3,4,3,4,
CONSIDERER,3444,2,3,4,1,5,3,3,
CONSIDERER,3445,1,4,2,4,4,5,5,
CONSIDERER,3446,2,,4,1,3,1,3,
CONSIDERER,3447,2,2,3,5,4,3,4,
CONSIDERER,3448,4,,4,3,4,2,5,
CONSIDERER,3449,2,4,4,4,4,2,3,
CONSIDERER,3450,3,1,2,1,3,2,2,
CONSIDERER,3451,2,4,4,5,4,3,5,
CONSIDERER,3452,3,2,3,3,4,2,4,
CONSIDERER,3453,3,1,2,2,4,3,3,
CONSIDERER,3454,2,1,4,3,5,1,3,
CONSIDERER,3455,1,2,2,2,3,4,4,
CONSIDERER,3456,4,1,4,3,5,3,4,
CONSIDERER,3457,3,,2,3,5,4,2,
CONSIDERER,3458,1,4,1,2,3,3,3,
CONSIDERER,3459,2,,4,5,5,2,4,
CONSIDERER,3460,4,3,3,2,4,1,3,
CONSIDERER,3461,3,3,3,4,4,5,3,
CONSIDERER,3462,4,2,3,3,5,1,3,
CONSIDERER,3463,2,1,2,1,5,3,2,
CONSIDERER,3464,3,1,2,1,3,97,4,
CONSIDERER,3465,1,3,3,4,5,2,4,
CONSIDERER,3466,3,4,2,3,3,3,2,
CONSIDERER,3467,3,4,3,4,1,4,4,
CONSIDERER,3468,3,4,3,4,1,5,1,
CONSIDERER,3469,1,1,2,2,2,4,1,
CONSIDERER,3470,2,4,3,3,5,2,3,
CONSIDERER,3471,1,1,4,4,1,97,1,
CONSIDERER,3472,3,2,2,2,3,90,2,
CONSIDERER,3473,3,2,2,4,4,1,3,
CONSIDERER,3474,2,1,3,3,5,4,4,
CONSIDERER,3475,4,1,2,1,2,90,2,
CONSIDERER,3476,2,1,4,2,4,2,4,
CONSIDERER,3477,1,4,3,5,5,3,5,
CONSIDERER,3478,2,4,4,3,5,1,5,
CONSIDERER,3479,2,1,3,4,3,3,4,
CONSIDERER,3480,1,2,2,3,98,4,4,
CONSIDERER,3481,2,,4,3,4,3,5,
CONSIDERER,3482,1,1,3,1,5,4,5,
CONSIDERER,3483,3,3,2,1,3,2,3,
CONSIDERER,3484,1,1,2,95,5,2,3,
CONSIDERER,3485,4,2,3,4,4,2,3,
CONSIDERER,3486,2,1,4,5,5,2,5,
CONSIDERER,3487,2,1,3,2,3,2,2,
CONSIDERER,3488,2,4,3,3,4,4,3,
CONSIDERER,3489,1,3,3,4,3,2,2,
CONSIDERER,3490,2,1,2,1,5,1,4,
CONSIDERER,3491,1,4,1,5,4,90,2,
CONSIDERER,3492,3,3,2,5,4,5,4,
CONSIDERER,3493,1,1,2,2,5,3,5,
CONSIDERER,3494,4,1,1,1,1,4,1,
CONSIDERER,3495,4,,3,1,5,2,2,
CONSIDERER,3496,3,2,3,2,5,5,4,
CONSIDERER,3497,2,2,4,5,4,4,4,
CONSIDERER,3498,3,2,2,3,4,3,4,
CONSIDERER,3499,2,1,4,4,3,5,4,
CONSIDERER,3500,3,2,3,3,5,4,4,
CONSIDERER,3501,1,1,2,2,2,3,4,
CONSIDERER,3502,3,1,3,1,1,4,2,
CONSIDERER,3503,3,2,3,1,3,2,2,
CONSIDERER,3504,4,1,1,2,5,97,4,
CONSIDERER,3505,1,2,2,4,5,3,2,
CONSIDERER,3506,1,2,1,1,5,97,1,
CONSIDERER,3507,2,1,4,4,4,2,3,
CONSIDERER,3508,4,1,4,2,5,3,5,
CONSIDERER,3509,3,3,3,2,4,2,3,
CONSIDERER,3510,4,2,4,5,4,3,4,
CONSIDERER,3511,3,2,2,1,3,4,4,
CONSIDERER,3512,3,4,2,5,4,5,4,
CONSIDERER,3513,2,3,3,5,5,2,4,
CONSIDERER,3514,1,2,1,95,3,97,3,
CONSIDERER,3515,4,2,2,1,3,4,3,
CONSIDERER,3516,1,3,3,3,3,5,4,
CONSIDERER,3517,4,,2,3,5,3,5,
CONSIDERER,3518,1,3,4,4,4,4,4,
CONSIDERER,3519,3,4,1,1,2,2,3,
CONSIDERER,3520,1,1,2,3,4,2,3,
CONSIDERER,3521,3,1,3,1,1,90,3,
CONSIDERER,3522,2,1,1,1,4,3,4,
CONSIDERER,3523,2,1,2,3,3,3,4,
CONSIDERER,3524,3,4,4,5,2,4,2,
CONSIDERER,3525,1,1,4,1,5,4,4,
CONSIDERER,3526,3,2,3,2,4,3,3,
CONSIDERER,3527,2,,4,4,4,4,4,
CONSIDERER,3528,4,4,3,3,5,3,3,
CONSIDERER,3529,4,1,4,5,5,3,4,
CONSIDERER,3530,4,1,2,1,5,4,1,
CONSIDERER,3531,1,1,3,2,5,1,4,
CONSIDERER,3532,3,4,4,5,3,4,5,
CONSIDERER,3533,4,4,4,5,4,1,5,
GPS,1,1,3,4,3,3,2,,
GPS,2,4,3,4,4,5,2,,
GPS,3,2,4,1,95,3,4,,
GPS,4,4,2,2,4,3,4,,
GPS,5,4,3,1,3,4,97,,
GPS,6,1,3,2,95,1,4,,
GPS,7,1,1,3,3,4,2,,
GPS,8,4,2,4,1,4,1,,
GPS,9,1,4,2,4,3,4,,
GPS,10,2,4,4,95,3,2,,
GPS,11,3,4,3,95,3,2,,
GPS,12,3,2,1,1,2,3,,
GPS,13,1,3,2,4,3,4,,
GPS,14,2,3,2,4,4,4,,
GPS,15,4,2,2,3,4,4,,
GPS,16,1,1,2,95,3,3,,
GPS,17,3,2,2,95,1,97,,
GPS,18,3,2,2,95,3,3,,
GPS,19,1,4,3,3,3,2,,
GPS,20,4,1,3,1,4,3,,
GPS,21,4,3,3,5,4,3,,
GPS,22,3,4,2,5,3,3,,
GPS,23,1,1,2,2,3,97,,
GPS,24,3,4,3,5,3,4,,
GPS,25,4,4,2,4,4,4,,
GPS,26,1,2,1,95,3,4,,
GPS,27,4,4,4,95,4,3,,
GPS,28,3,4,4,5,4,1,,
GPS,29,4,2,1,4,3,4,,
GPS,30,3,1,2,1,5,3,,
GPS,31,3,2,3,5,3,4,,
GPS,32,4,2,2,4,4,2,,
GPS,33,2,2,4,95,2,2,,
GPS,34,3,2,3,4,1,5,,
GPS,35,3,1,4,3,4,90,,
GPS,36,1,1,1,1,5,2,,
GPS,37,2,4,2,95,3,3,,
GPS,38,4,1,2,2,4,3,,
GPS,39,2,3,4,3,2,3,,
GPS,40,3,3,4,4,4,3,,
GPS,41,3,2,4,2,2,4,,
GPS,42,1,2,1,3,3,4,,
GPS,43,2,4,1,95,4,3,,
GPS,44,4,1,4,5,3,3,,
GPS,45,3,4,4,5,4,97,,
GPS,46,4,1,3,1,2,97,,
GPS,47,2,3,2,2,5,4,,
GPS,48,4,4,2,1,4,3,,
GPS,49,1,1,1,1,4,4,,
GPS,50,4,2,3,4,4,2,,
GPS,51,1,3,3,5,3,3,,
GPS,52,2,4,4,95,4,3,,
GPS,53,2,3,2,1,5,2,,
GPS,54,3,2,2,4,3,3,,
GPS,55,4,2,2,3,3,4,,
GPS,56,4,3,2,2,2,5,,
GPS,57,4,2,4,95,3,90,,
GPS,58,3,2,3,1,4,2,,
GPS,59,4,1,3,4,5,2,,
GPS,60,4,1,2,1,4,97,,
GPS,61,1,3,2,4,4,4,,
GPS,62,4,2,1,1,3,3,,
GPS,63,4,2,2,4,3,4,,
GPS,64,2,4,4,5,4,3,,
GPS,65,4,1,2,2,4,4,,
GPS,66,2,1,1,2,3,3,,
GPS,67,1,4,2,1,2,4,,
GPS,68,4,2,2,2,3,4,,
GPS,69,2,1,2,95,3,3,,
GPS,70,4,4,4,3,5,1,,
GPS,71,3,3,2,1,4,3,,
GPS,72,2,1,2,3,1,90,,
GPS,73,1,4,4,2,2,3,,
GPS,74,1,1,4,1,4,97,,
GPS,75,2,3,3,3,1,4,,
GPS,76,4,1,1,5,3,5,,
GPS,77,3,2,4,3,3,2,,
GPS,78,2,2,2,2,4,3,,
GPS,79,3,1,1,4,4,97,,
GPS,80,2,4,2,1,5,4,,
GPS,81,4,3,2,1,98,97,,
GPS,82,2,4,3,5,4,4,,
GPS,83,4,2,4,95,1,5,,
GPS,84,3,2,4,1,4,2,,
GPS,85,1,4,3,4,3,3,,
GPS,86,1,2,1,3,2,4,,
GPS,87,2,1,2,2,3,5,,
GPS,88,4,2,2,4,5,1,,
GPS,89,4,1,1,1,3,3,,
GPS,90,2,3,2,95,5,3,,
GPS,91,1,4,4,95,3,90,,
GPS,92,3,4,3,95,3,3,,
GPS,93,1,4,3,5,4,4,,
GPS,94,4,1,1,1,4,3,,
GPS,95,1,1,1,1,1,5,,
GPS,96,4,3,2,3,3,4,,
GPS,97,2,1,2,4,3,2,,
GPS,98,2,3,4,5,4,97,,
GPS,99,1,3,4,3,3,97,,
GPS,100,3,2,1,1,3,2,,
GPS,101,2,1,1,1,5,3,,
GPS,102,3,1,2,1,4,2,,
GPS,103,1,3,1,3,1,4,,
GPS,104,4,3,1,3,4,90,,
GPS,105,1,2,1,95,1,97,,
GPS,106,1,1,1,2,4,2,,
GPS,107,1,3,3,3,4,3,,
GPS,108,1,3,3,4,2,3,,
GPS,109,1,3,3,1,4,2,,
GPS,110,4,2,2,2,3,5,,
GPS,111,4,1,3,4,3,97,,
GPS,112,3,2,2,95,3,3,,
GPS,113,2,3,1,2,4,97,,
GPS,114,1,4,2,3,3,97,,
GPS,115,2,4,2,4,3,3,,
GPS,116,3,3,4,4,2,3,,
GPS,117,3,4,2,1,4,3,,
GPS,118,3,2,2,1,4,3,,
GPS,119,2,1,4,95,3,3,,
GPS,120,3,2,1,1,4,2,,
GPS,121,4,3,1,2,1,4,,
GPS,122,2,3,1,2,3,97,,
GPS,123,4,4,2,5,5,3,,
GPS,124,1,4,4,4,4,2,,
GPS,125,1,3,3,4,3,3,,
GPS,126,1,3,4,4,3,97,,
GPS,127,3,2,3,95,4,97,,
GPS,128,2,1,4,3,4,2,,
GPS,129,1,2,1,95,3,4,,
GPS,130,2,2,2,2,3,97,,
GPS,131,1,3,4,5,4,3,,
GPS,132,1,1,2,2,4,97,,
GPS,133,1,3,4,4,2,2,,
GPS,134,3,4,3,95,4,3,,
GPS,135,2,3,3,5,5,2,,
GPS,136,3,1,1,1,3,3,,
GPS,137,1,4,4,4,4,4,,
GPS,138,2,4,1,1,4,3,,
GPS,139,3,2,3,3,3,3,,
GPS,140,3,4,2,95,3,4,,
GPS,141,1,3,3,95,4,2,,
GPS,142,1,3,4,95,3,3,,
GPS,143,2,1,1,1,3,97,,
GPS,144,3,1,2,2,4,4,,
GPS,145,2,3,4,4,5,1,,
GPS,146,1,3,2,5,3,3,,
GPS,147,2,1,2,2,5,3,,
GPS,148,2,4,4,4,1,4,,
GPS,149,2,4,3,2,4,4,,
GPS,150,3,3,2,2,3,97,,
GPS,151,1,3,3,4,4,2,,
GPS,152,3,3,1,1,5,3,,
GPS,153,1,1,2,2,4,2,,
GPS,154,4,4,3,5,1,90,,
GPS,155,3,1,3,4,4,4,,
GPS,156,4,2,4,3,4,4,,
GPS,157,2,3,4,4,5,2,,
GPS,158,4,2,1,2,3,97,,
GPS,159,3,1,2,1,3,4,,
GPS,160,4,1,2,1,4,2,,
GPS,161,1,4,4,95,4,3,,
GPS,162,4,2,2,95,3,97,,
GPS,163,1,1,3,4,3,5,,
GPS,164,4,1,4,2,3,3,,
GPS,165,1,2,3,95,4,3,,
GPS,166,4,2,2,1,1,3,,
GPS,167,3,1,2,2,5,1,,
GPS,168,2,4,1,95,2,90,,
GPS,169,4,3,2,5,4,3,,
GPS,170,2,2,2,2,4,3,,
GPS,171,4,4,4,5,4,2,,
GPS,172,4,4,2,4,3,90,,
GPS,173,2,3,1,2,5,3,,
GPS,174,1,4,3,95,4,2,,
GPS,175,1,4,1,3,4,97,,
GPS,176,4,2,2,1,4,97,,
GPS,177,3,2,2,4,2,4,,
GPS,178,3,3,1,95,4,4,,
GPS,179,2,3,2,95,3,97,,
GPS,180,4,3,4,95,3,4,,
GPS,181,4,2,1,1,3,4,,
GPS,182,2,4,4,5,2,2,,
GPS,183,2,1,3,1,4,4,,
GPS,184,3,1,4,1,4,2,,
GPS,185,4,1,2,1,4,3,,
GPS,186,1,4,3,4,5,1,,
GPS,187,3,2,4,95,5,2,,
GPS,188,2,4,2,5,2,4,,
GPS,189,2,1,1,4,3,4,,
GPS,190,4,2,2,2,5,2,,
GPS,191,1,1,1,4,3,3,,
GPS,192,4,4,3,95,1,4,,
GPS,193,3,2,3,2,4,97,,
GPS,194,3,4,4,95,2,4,,
GPS,195,4,2,2,4,3,5,,
GPS,196,2,4,4,5,3,3,,
GPS,197,1,4,4,5,5,3,,
GPS,198,2,1,3,95,3,3,,
GPS,199,2,4,4,5,4,3,,
GPS,200,1,2,2,95,3,2,,
GPS,201,2,3,2,95,4,3,,
GPS,202,2,2,3,95,3,5,,
GPS,203,1,3,2,4,4,3,,
GPS,204,3,2,2,3,4,97,,
GPS,205,2,2,4,4,4,3,,
GPS,206,4,2,3,95,5,3,,
GPS,207,3,2,4,4,4,2,,
GPS,208,4,1,4,2,4,2,,
GPS,209,2,2,1,2,2,5,,
GPS,210,2,1,3,2,3,4,,
GPS,211,3,2,3,1,2,99,,
GPS,212,2,2,1,2,4,2,,
GPS,213,2,4,4,5,3,4,,
GPS,214,3,2,4,2,98,3,,
GPS,215,1,1,3,4,2,3,,
GPS,216,2,3,4,95,3,2,,
GPS,217,4,4,3,4,5,3,,
GPS,218,2,3,3,3,3,4,,
GPS,219,4,3,3,95,2,4,,
GPS,220,3,1,2,1,4,5,,
GPS,221,3,3,2,3,4,3,,
GPS,222,2,4,3,5,1,3,,
GPS,223,1,1,2,4,5,2,,
GPS,224,2,2,2,1,4,97,,
GPS,225,1,3,3,2,3,3,,
GPS,226,4,4,4,95,5,3,,
GPS,227,1,3,2,4,1,5,,
GPS,228,1,1,2,2,4,97,,
GPS,229,1,2,2,1,4,97,,
GPS,230,3,2,3,1,5,2,,
GPS,231,2,2,1,3,3,97,,
GPS,232,3,3,3,3,5,4,,
GPS,233,1,4,3,2,4,3,,
GPS,234,1,3,2,4,3,2,,
GPS,235,4,2,3,95,5,2,,
GPS,236,1,4,4,5,3,3,,
GPS,237,4,3,3,2,4,4,,
GPS,238,2,2,4,3,4,1,,
GPS,239,1,2,4,95,4,3,,
GPS,240,1,2,4,3,3,3,,
GPS,241,4,1,1,2,3,3,,
GPS,242,2,3,2,4,3,90,,
GPS,243,2,2,1,3,3,97,,
GPS,244,2,1,1,1,3,4,,
GPS,245,2,1,4,95,3,4,,
GPS,246,3,4,1,3,4,4,,
GPS,247,1,1,3,3,3,4,,
GPS,248,4,2,1,95,4,97,,
GPS,249,4,2,3,2,4,2,,
GPS,250,3,4,3,4,2,97,,
GPS,251,1,2,1,1,3,3,,
GPS,252,3,4,4,3,4,3,,
GPS,253,3,1,2,4,4,3,,
GPS,254,1,2,4,4,4,2,,
GPS,255,1,4,3,4,4,4,,
GPS,256,4,3,2,3,3,4,,
GPS,257,2,2,3,2,5,3,,
GPS,258,2,1,4,4,4,2,,
GPS,259,2,1,4,2,4,1,,
GPS,260,2,4,4,5,5,1,,
GPS,261,1,2,4,4,2,4,,
GPS,262,3,3,1,95,3,97,,
GPS,263,2,1,1,3,3,5,,
GPS,264,3,2,3,3,4,4,,
GPS,265,2,2,1,1,4,3,,
GPS,266,3,1,1,1,3,4,,
GPS,267,4,4,3,1,4,3,,
GPS,268,1,3,1,1,4,4,,
GPS,269,2,2,4,4,4,2,,
GPS,270,4,2,2,4,4,3,,
GPS,271,4,1,4,4,4,3,,
GPS,272,1,3,3,95,1,97,,
GPS,273,2,4,1,1,4,97,,
GPS,274,4,1,3,3,4,2,,
GPS,275,3,4,4,4,4,3,,
GPS,276,2,1,3,4,3,2,,
GPS,277,2,2,3,2,5,2,,
GPS,278,4,4,4,4,4,2,,
GPS,279,4,2,3,5,5,4,,
GPS,280,1,4,3,95,3,2,,
GPS,281,4,1,1,2,4,2,,
GPS,282,2,3,1,95,3,4,,
GPS,283,4,1,2,95,4,4,,
GPS,284,1,3,3,4,4,4,,
GPS,285,2,1,2,2,3,97,,
GPS,286,2,1,2,3,4,97,,
GPS,287,4,2,3,2,5,3,,
GPS,288,4,1,3,3,4,97,,
GPS,289,2,1,4,2,4,4,,
GPS,290,3,2,1,3,4,4,,
GPS,291,1,1,1,1,2,97,,
GPS,292,2,2,2,2,4,3,,
GPS,293,3,4,2,4,4,3,,
GPS,294,4,1,4,2,5,1,,
GPS,295,3,2,2,2,3,4,,
GPS,296,4,2,1,3,4,3,,
GPS,297,4,4,3,3,3,4,,
GPS,298,4,4,1,1,3,97,,
GPS,299,3,2,2,4,3,5,,
GPS,300,1,4,1,3,2,4,,
GPS,301,1,4,2,95,2,4,,
GPS,302,2,1,4,2,4,3,,
GPS,303,4,2,2,2,3,3,,
GPS,304,4,2,3,4,5,2,,
GPS,305,3,4,2,1,4,97,,
GPS,306,4,1,2,2,3,4,,
GPS,307,1,4,2,4,4,3,,
GPS,308,4,2,3,3,4,3,,
GPS,309,3,2,4,95,5,1,,
GPS,310,4,1,2,1,4,2,,
GPS,311,3,3,1,3,2,3,,
GPS,312,3,2,3,5,4,3,,
GPS,313,4,1,2,2,5,4,,
GPS,314,4,4,4,2,2,4,,
GPS,315,2,4,1,95,4,4,,
GPS,316,4,4,1,1,4,2,,
GPS,317,4,1,4,3,4,4,,
GPS,318,4,3,2,95,5,3,,
GPS,319,1,1,4,5,3,3,,
GPS,320,4,1,3,2,4,2,,
GPS,321,1,3,2,5,4,3,,
GPS,322,2,3,3,5,5,3,,
GPS,323,3,3,1,2,4,5,,
GPS,324,3,1,1,1,3,97,,
GPS,325,4,2,1,4,4,2,,
GPS,326,3,4,2,95,3,97,,
GPS,327,3,4,4,5,5,3,,
GPS,328,1,2,3,3,4,2,,
GPS,329,2,1,1,2,3,4,,
GPS,330,1,4,2,3,3,4,,
GPS,331,3,2,2,1,3,2,,
GPS,332,4,4,4,5,5,2,,
GPS,333,2,3,3,5,3,97,,
GPS,334,4,1,4,4,4,3,,
GPS,335,2,2,1,1,4,97,,
GPS,336,2,3,2,2,3,3,,
GPS,337,2,2,1,4,3,4,,
GPS,338,1,2,2,1,3,97,,
GPS,339,4,2,2,2,4,4,,
GPS,340,3,2,2,2,4,97,,
GPS,341,3,1,2,1,3,5,,
GPS,342,3,1,1,2,5,97,,
GPS,343,4,1,4,5,4,2,,
GPS,344,3,2,2,1,5,1,,
GPS,345,4,1,2,3,4,2,,
GPS,346,2,3,3,95,3,90,,
GPS,347,2,3,3,3,4,3,,
GPS,348,4,2,4,3,5,1,,
GPS,349,1,2,2,5,5,3,,
GPS,350,1,3,4,2,4,2,,
GPS,351,3,2,2,95,3,3,,
GPS,352,4,3,4,4,4,3,,
GPS,353,1,2,1,2,4,97,,
GPS,354,4,4,1,2,4,3,,
GPS,355,3,4,2,5,2,4,,
GPS,356,4,4,3,3,3,4,,
GPS,357,3,3,3,4,5,2,,
GPS,358,1,1,4,3,4,3,,
GPS,359,1,1,3,1,5,90,,
GPS,360,2,2,1,4,4,4,,
GPS,361,3,4,4,3,5,3,,
GPS,362,4,1,2,4,4,3,,
GPS,363,3,1,2,2,4,4,,
GPS,364,3,3,3,2,3,3,,
GPS,365,4,2,3,2,4,97,,
GPS,366,2,1,1,1,3,2,,
GPS,367,1,3,3,3,3,97,,
GPS,368,2,2,2,2,3,3,,
GPS,369,4,3,3,95,3,2,,
GPS,370,4,1,1,2,2,4,,
GPS,371,3,1,2,1,4,3,,
GPS,372,1,1,3,1,4,2,,
GPS,373,2,1,2,2,4,3,,
GPS,374,2,2,2,3,3,97,,
GPS,375,4,1,1,2,3,3,,
GPS,376,4,4,1,5,5,97,,
GPS,377,4,1,1,3,4,2,,
GPS,378,1,4,1,3,4,2,,
GPS,379,3,3,4,1,4,97,,
GPS,380,2,2,1,3,4,97,,
GPS,381,3,2,3,2,4,3,,
GPS,382,1,4,3,5,5,1,,
GPS,383,1,3,1,2,4,2,,
GPS,384,4,4,4,3,1,4,,
GPS,385,3,3,2,3,5,2,,
GPS,386,3,3,2,95,4,3,,
GPS,387,4,3,2,4,3,1,,
GPS,388,2,3,3,95,4,3,,
GPS,389,1,4,3,5,4,97,,
GPS,390,1,4,4,1,4,4,,
GPS,391,2,1,1,95,5,4,,
GPS,392,1,4,3,5,4,2,,
GPS,393,2,1,1,1,3,3,,
GPS,394,3,3,2,3,2,4,,
GPS,395,2,2,1,95,3,97,,
GPS,396,2,1,1,2,1,3,,
GPS,397,2,2,2,3,4,4,,
GPS,398,2,3,1,2,3,3,,
GPS,399,4,1,1,2,3,97,,
GPS,400,1,2,4,3,3,3,,
GPS,401,3,4,2,2,3,2,,
GPS,402,1,1,3,3,3,2,,
GPS,403,4,2,4,4,4,3,,
GPS,404,4,4,3,2,2,3,,
GPS,405,4,2,1,4,3,97,,
GPS,406,4,1,3,5,4,3,,
GPS,407,2,1,3,95,4,2,,
GPS,408,1,1,3,3,5,2,,
GPS,409,3,1,2,95,3,3,,
GPS,410,3,3,2,4,4,3,,
GPS,411,1,4,4,3,3,97,,
GPS,412,2,2,1,1,4,2,,
GPS,413,3,2,2,1,3,4,,
GPS,414,1,4,3,5,4,3,,
GPS,415,2,1,1,2,3,4,,
GPS,416,2,3,4,95,3,4,,
GPS,417,4,4,3,3,4,3,,
GPS,418,1,3,2,95,2,4,,
GPS,419,3,2,4,4,3,3,,
GPS,420,2,3,1,3,1,5,,
GPS,421,4,4,2,5,4,97,,
GPS,422,2,4,4,5,4,90,,
GPS,423,4,1,1,1,3,5,,
GPS,424,2,1,3,4,1,4,,
GPS,425,4,2,3,4,3,3,,
GPS,426,1,1,2,4,5,4,,
GPS,427,1,2,2,95,2,90,,
GPS,428,2,1,2,95,1,4,,
GPS,429,4,2,3,95,3,4,,
GPS,430,1,1,2,2,3,4,,
GPS,431,4,3,4,5,4,2,,
GPS,432,1,1,2,1,4,2,,
GPS,433,3,3,2,1,4,3,,
GPS,434,3,1,4,95,5,3,,
GPS,435,1,3,3,3,4,4,,
GPS,436,1,4,3,5,3,3,,
GPS,437,2,3,2,3,4,2,,
GPS,438,2,2,4,3,4,2,,
GPS,439,1,4,2,4,3,4,,
GPS,440,4,1,1,95,3,3,,
GPS,441,1,4,3,2,4,97,,
GPS,442,1,4,1,2,1,90,,
GPS,443,4,1,1,1,5,3,,
GPS,444,3,1,3,2,4,3,,
GPS,445,3,2,1,1,2,4,,
GPS,446,3,4,2,3,2,4,,
GPS,447,3,2,4,2,4,2,,
GPS,448,4,2,2,2,3,4,,
GPS,449,3,2,4,5,3,4,,
GPS,450,4,4,4,5,4,4,,
GPS,451,3,4,4,95,5,1,,
GPS,452,3,1,2,1,4,4,,
GPS,453,1,2,4,5,4,3,,
GPS,454,2,3,3,95,4,97,,
GPS,455,4,4,3,3,3,4,,
GPS,456,1,4,3,4,3,97,,
GPS,457,4,2,3,5,3,5,,
GPS,458,1,1,1,3,4,4,,
GPS,459,1,3,4,95,4,2,,
GPS,460,1,4,4,5,4,2,,
GPS,461,1,3,2,4,3,97,,
GPS,462,2,2,2,2,4,3,,
GPS,463,4,3,3,95,2,4,,
GPS,464,3,2,2,3,4,4,,
GPS,465,3,4,3,95,4,97,,
GPS,466,3,2,1,95,3,3,,
GPS,467,3,1,2,2,4,97,,
GPS,468,4,3,2,4,2,97,,
GPS,469,3,1,4,2,5,1,,
GPS,470,2,4,3,95,5,3,,
GPS,471,2,2,3,1,1,4,,
GPS,472,3,2,2,1,4,3,,
GPS,473,2,1,1,95,4,3,,
GPS,474,3,2,2,2,2,4,,
GPS,475,2,1,2,1,3,2,,
GPS,476,1,4,3,4,3,3,,
GPS,477,1,2,1,1,3,3,,
GPS,478,2,4,2,1,5,3,,
GPS,479,1,2,3,5,4,3,,
GPS,480,3,2,2,4,4,4,,
GPS,481,3,3,2,2,4,4,,
GPS,482,2,3,3,5,1,5,,
GPS,483,2,3,1,1,4,97,,
GPS,484,3,2,2,95,4,2,,
GPS,485,2,3,3,1,4,3,,
GPS,486,1,1,1,2,3,97,,
GPS,487,2,2,1,4,3,4,,
GPS,488,2,1,2,2,4,3,,
GPS,489,2,4,2,4,1,4,,
GPS,490,1,3,2,2,3,5,,
GPS,491,4,2,4,2,1,4,,
GPS,492,3,2,1,3,1,5,,
GPS,493,4,1,2,2,3,1,,
GPS,494,2,2,3,4,4,2,,
GPS,495,4,3,4,4,4,3,,
GPS,496,4,2,2,1,3,97,,
GPS,497,1,1,1,2,4,3,,
GPS,498,4,2,3,5,3,5,,
GPS,499,2,4,2,3,2,3,,
GPS,500,4,2,2,2,4,5,,
GPS,501,3,1,3,1,4,97,,
GPS,502,1,2,3,95,4,5,,
GPS,503,1,3,1,3,4,97,,
GPS,504,1,4,4,95,5,2,,
GPS,505,3,3,4,2,4,3,,
GPS,506,2,4,3,5,3,4,,
GPS,507,2,1,1,1,5,3,,
GPS,508,2,2,4,4,2,3,,
GPS,509,3,2,4,4,4,4,,
GPS,510,1,1,2,3,4,2,,
GPS,511,3,1,2,1,2,3,,
GPS,512,2,1,3,3,5,3,,
GPS,513,2,4,4,3,4,3,,
GPS,514,3,2,3,2,2,5,,
GPS,515,1,1,2,3,4,4,,
GPS,516,4,2,2,4,3,97,,
GPS,517,3,4,4,4,4,4,,
GPS,518,3,2,2,1,3,3,,
GPS,519,4,2,2,95,1,5,,
GPS,520,4,4,1,2,5,3,,
GPS,521,2,2,1,2,4,4,,
GPS,522,2,2,4,95,4,3,,
GPS,523,2,2,2,3,3,4,,
GPS,524,4,3,3,4,4,3,,
GPS,525,3,2,2,1,5,5,,
GPS,526,2,1,4,95,3,97,,
GPS,527,1,1,1,4,3,97,,
GPS,528,2,1,1,2,3,97,,
GPS,529,1,1,1,3,2,4,,
GPS,530,3,2,3,95,3,4,,
GPS,531,3,3,4,4,5,3,,
GPS,532,4,1,1,1,4,97,,
GPS,533,4,2,2,1,4,4,,
GPS,534,4,1,2,95,4,97,,
GPS,535,2,2,1,3,1,97,,
GPS,536,2,4,3,95,1,97,,
GPS,537,3,3,2,4,4,97,,
GPS,538,3,3,4,4,4,4,,
GPS,539,3,3,2,2,4,3,,
GPS,540,1,3,1,5,2,4,,
GPS,541,2,1,1,3,4,97,,
GPS,542,3,1,1,5,3,97,,
GPS,543,2,3,2,5,3,97,,
GPS,544,2,1,1,2,5,1,,
GPS,545,2,2,2,1,5,1,,
GPS,546,1,3,2,95,3,4,,
GPS,547,4,1,2,1,3,5,,
GPS,548,3,2,1,1,4,97,,
GPS,549,1,4,3,5,4,97,,
GPS,550,1,4,1,1,1,3,,
GPS,551,3,2,1,1,3,5,,
GPS,552,2,2,2,2,3,3,,
GPS,553,2,1,2,1,1,3,,
GPS,554,2,3,4,2,5,3,,
GPS,555,3,2,3,3,2,97,,
GPS,556,4,4,4,5,3,3,,
GPS,557,3,2,4,2,5,2,,
GPS,558,1,2,2,3,4,3,,
GPS,559,3,2,3,1,4,2,,
GPS,560,1,2,2,3,3,2,,
GPS,561,1,3,4,95,3,4,,
GPS,562,1,4,4,4,3,2,,
GPS,563,3,2,1,1,4,3,,
GPS,564,2,3,2,5,1,5,,
GPS,565,2,2,2,3,4,3,,
GPS,566,3,2,2,95,4,4,,
GPS,567,4,1,2,2,3,5,,
GPS,568,1,4,3,4,1,5,,
GPS,569,1,1,2,2,5,3,,
GPS,570,4,1,2,1,3,3,,
GPS,571,4,3,3,95,3,97,,
GPS,572,2,1,3,4,3,3,,
GPS,573,4,4,2,4,5,2,,
GPS,574,2,1,4,4,2,2,,
GPS,575,3,1,1,1,1,5,,
GPS,576,1,3,3,4,3,4,,
GPS,577,2,3,4,4,5,2,,
GPS,578,2,1,3,5,4,5,,
GPS,579,3,2,2,1,3,3,,
GPS,580,3,2,2,1,3,5,,
GPS,581,4,3,2,4,4,4,,
GPS,582,2,2,2,95,4,97,,
GPS,583,1,4,3,95,4,4,,
GPS,584,2,2,4,5,4,2,,
GPS,585,3,4,1,4,4,3,,
GPS,586,3,2,1,2,4,4,,
GPS,587,1,1,3,4,3,3,,
GPS,588,4,1,1,3,5,97,,
GPS,589,2,1,1,3,4,97,,
GPS,590,2,1,2,1,4,97,,
GPS,591,2,1,2,2,4,3,,
GPS,592,4,1,2,3,1,5,,
GPS,593,2,1,4,2,5,4,,
GPS,594,2,2,2,3,3,3,,
GPS,595,1,4,1,95,5,97,,
GPS,596,4,4,1,4,4,3,,
GPS,597,3,1,1,3,5,97,,
GPS,598,3,2,4,4,4,3,,
GPS,599,1,1,3,3,3,3,,
GPS,600,1,2,1,5,4,97,,
GPS,601,3,2,1,1,3,5,,
GPS,602,3,1,4,3,3,5,,
GPS,603,2,1,3,2,4,3,,
GPS,604,3,1,2,2,4,4,,
GPS,605,2,3,4,5,4,3,,
GPS,606,3,3,3,4,1,4,,
GPS,607,1,2,3,4,4,3,,
GPS,608,3,1,4,95,4,3,,
GPS,609,4,3,1,1,3,2,,
GPS,610,2,1,4,4,3,3,,
GPS,611,1,2,2,2,2,5,,
GPS,612,1,1,3,95,3,2,,
GPS,613,3,2,2,2,3,97,,
GPS,614,4,2,3,95,1,5,,
GPS,615,2,1,3,3,3,90,,
GPS,616,4,3,3,1,4,3,,
GPS,617,4,3,2,3,3,4,,
GPS,618,3,2,4,2,4,2,,
GPS,619,3,2,1,3,4,1,,
GPS,620,2,3,4,5,4,2,,
GPS,621,3,2,2,2,1,5,,
GPS,622,2,1,3,1,4,4,,
GPS,623,3,2,2,3,4,3,,
GPS,624,1,2,1,2,4,3,,
GPS,625,3,1,3,1,3,3,,
GPS,626,3,2,3,5,3,4,,
GPS,627,3,2,1,5,1,4,,
GPS,628,1,2,2,2,4,4,,
GPS,629,1,3,1,3,4,97,,
GPS,630,2,1,4,95,4,4,,
GPS,631,3,3,2,4,5,5,,
GPS,632,2,2,1,2,3,3,,
GPS,633,1,1,4,4,4,3,,
GPS,634,3,3,3,5,2,4,,
GPS,635,3,2,4,95,1,97,,
GPS,636,3,4,2,95,4,3,,
GPS,637,2,2,4,3,2,2,,
GPS,638,3,2,2,2,3,4,,
GPS,639,3,3,3,5,4,3,,
GPS,640,2,2,1,2,2,4,,
GPS,641,4,3,2,95,3,3,,
GPS,642,2,1,4,5,4,2,,
GPS,643,4,1,2,2,4,2,,
GPS,644,1,2,3,3,3,4,,
GPS,645,3,4,2,5,4,3,,
GPS,646,1,4,4,95,3,4,,
GPS,647,2,1,1,1,4,5,,
GPS,648,3,2,4,5,98,4,,
GPS,649,3,1,2,1,1,4,,
GPS,650,3,1,3,3,1,5,,
GPS,651,3,2,3,2,4,3,,
GPS,652,1,4,2,1,4,3,,
GPS,653,2,1,4,1,2,4,,
GPS,654,2,1,2,4,4,97,,
GPS,655,2,2,4,5,4,3,,
GPS,656,4,1,2,4,3,3,,
GPS,657,2,2,1,2,5,2,,
GPS,658,3,1,1,2,3,97,,
GPS,659,2,2,3,5,1,5,,
GPS,660,4,1,1,2,2,4,,
GPS,661,4,3,1,3,4,2,,
GPS,662,3,4,3,4,4,3,,
GPS,663,3,2,4,95,3,3,,
GPS,664,1,3,3,5,3,3,,
GPS,665,1,2,4,3,4,2,,
GPS,666,2,1,1,2,4,4,,
GPS,667,4,1,4,3,4,5,,
GPS,668,4,2,2,3,4,4,,
GPS,669,3,2,2,2,4,5,,
GPS,670,3,4,2,4,3,3,,
GPS,671,3,2,2,3,1,4,,
GPS,672,3,2,1,1,4,5,,
GPS,673,2,2,3,95,3,4,,
GPS,674,1,3,1,5,3,2,,
GPS,675,2,1,3,1,3,3,,
GPS,676,3,1,2,1,4,2,,
GPS,677,3,2,3,3,3,2,,
GPS,678,2,2,1,3,3,97,,
GPS,679,2,3,2,3,4,97,,
GPS,680,4,1,2,1,4,2,,
GPS,681,1,2,2,95,3,3,,
GPS,682,2,1,1,5,3,4,,
GPS,683,3,1,2,1,4,97,,
GPS,684,4,3,3,95,4,4,,
GPS,685,1,1,1,3,5,97,,
GPS,686,1,1,4,4,5,1,,
GPS,687,2,4,1,3,4,2,,
GPS,688,4,3,3,4,4,1,,
GPS,689,1,4,1,95,4,3,,
GPS,690,3,4,4,95,3,4,,
GPS,691,4,2,4,3,3,4,,
GPS,692,1,2,2,2,3,4,,
GPS,693,3,2,3,4,3,5,,
GPS,694,2,1,3,3,1,5,,
GPS,695,3,3,3,4,5,1,,
GPS,696,3,1,1,2,4,97,,
GPS,697,1,2,3,2,3,2,,
GPS,698,4,1,1,2,3,3,,
GPS,699,4,3,3,4,4,2,,
GPS,700,2,2,2,1,3,3,,
GPS,701,4,3,2,5,4,2,,
GPS,702,2,4,3,95,4,3,,
GPS,703,3,1,2,1,5,2,,
GPS,704,4,2,4,2,5,2,,
GPS,705,4,1,2,1,4,3,,
GPS,706,3,2,1,1,3,4,,
GPS,707,3,1,2,4,4,5,,
GPS,708,3,2,2,95,3,3,,
GPS,709,3,2,2,1,3,3,,
GPS,710,4,2,1,3,4,2,,
GPS,711,3,4,4,1,1,90,,
GPS,712,1,3,2,2,3,4,,
GPS,713,4,3,2,5,5,4,,
GPS,714,2,2,4,4,4,3,,
GPS,715,2,2,2,2,2,2,,
GPS,716,1,4,1,3,4,3,,
GPS,717,1,4,3,4,4,4,,
GPS,718,4,2,2,4,3,3,,
GPS,719,4,1,2,3,4,5,,
GPS,720,4,2,2,2,3,4,,
GPS,721,1,4,3,4,3,3,,
GPS,722,4,4,2,3,4,4,,
GPS,723,3,2,1,95,3,5,,
GPS,724,2,4,2,5,3,2,,
GPS,725,2,2,1,2,3,97,,
GPS,726,4,2,1,3,3,3,,
GPS,727,4,2,2,4,4,3,,
GPS,728,1,2,1,2,4,2,,
GPS,729,2,2,3,3,3,3,,
GPS,730,1,2,2,3,4,3,,
GPS,731,2,2,4,5,4,3,,
GPS,732,2,2,3,2,4,1,,
GPS,733,3,1,4,3,4,2,,
GPS,734,2,2,1,1,3,3,,
GPS,735,1,1,2,2,4,3,,
GPS,736,3,4,2,2,4,3,,
GPS,737,4,2,4,3,4,4,,
GPS,738,1,4,2,3,1,4,,
GPS,739,1,4,2,3,3,2,,
GPS,740,3,1,4,2,2,3,,
GPS,741,4,4,3,5,5,4,,
GPS,742,1,1,1,1,2,97,,
GPS,743,1,2,1,5,3,97,,
GPS,744,4,1,2,3,4,3,,
GPS,745,2,3,3,95,4,97,,
GPS,746,3,2,2,2,3,5,,
GPS,747,3,4,2,3,4,97,,
GPS,748,3,1,1,95,2,3,,
GPS,749,1,1,3,4,1,90,,
GPS,750,1,1,4,2,3,97,,
GPS,751,1,1,3,4,3,4,,
GPS,752,4,3,4,3,5,3,,
GPS,753,2,3,4,5,3,3,,
GPS,754,4,3,4,5,3,3,,
GPS,755,3,1,1,1,5,4,,
GPS,756,4,3,3,5,2,3,,
GPS,757,4,2,3,3,5,2,,
GPS,758,3,1,1,1,3,3,,
GPS,759,3,1,3,3,2,5,,
GPS,760,3,2,4,3,1,4,,
GPS,761,2,3,4,95,4,1,,
GPS,762,1,2,2,95,1,5,,
GPS,763,2,1,2,2,4,97,,
GPS,764,1,1,1,1,4,1,,
GPS,765,4,1,1,3,3,3,,
GPS,766,4,1,2,95,5,3,,
GPS,767,3,3,4,5,4,3,,
GPS,768,1,3,1,2,2,3,,
GPS,769,4,3,3,5,3,4,,
GPS,770,1,3,3,3,2,4,,
GPS,771,3,4,2,4,1,5,,
GPS,772,1,2,3,2,4,4,,
GPS,773,1,2,3,5,4,4,,
GPS,774,4,4,3,4,3,4,,
GPS,775,1,4,1,1,4,4,,
GPS,776,3,1,2,1,4,4,,
GPS,777,3,3,2,5,1,5,,
GPS,778,4,3,3,5,4,97,,
GPS,779,3,4,4,5,2,3,,
GPS,780,3,3,2,3,4,4,,
GPS,781,1,2,1,3,5,97,,
GPS,782,1,3,2,95,3,97,,
GPS,783,2,1,4,4,5,3,,
GPS,784,3,2,1,1,4,4,,
GPS,785,2,1,2,1,4,2,,
GPS,786,4,3,4,5,3,2,,
GPS,787,3,4,2,95,3,3,,
GPS,788,1,3,4,4,4,2,,
GPS,789,1,1,3,3,5,3,,
GPS,790,2,1,1,2,4,3,,
GPS,791,4,4,2,4,3,3,,
GPS,792,4,4,4,2,3,5,,
GPS,793,2,2,1,95,3,90,,
GPS,794,3,1,1,1,4,97,,
GPS,795,4,4,1,3,2,3,,
GPS,796,3,3,4,4,5,1,,
GPS,797,2,2,2,5,5,3,,
GPS,798,2,4,4,3,3,3,,
GPS,799,2,1,1,1,4,4,,
GPS,800,3,1,4,3,4,4,,
GPS,801,1,4,3,95,3,3,,
GPS,802,4,1,4,2,4,2,,
GPS,803,4,2,3,4,1,4,,
GPS,804,2,3,3,4,5,3,,
GPS,805,1,2,2,1,4,3,,
GPS,806,4,3,4,4,3,4,,
GPS,807,3,4,4,4,3,3,,
GPS,808,4,2,2,2,4,3,,
GPS,809,2,1,2,2,4,3,,
GPS,810,4,4,3,5,2,4,,
GPS,811,1,4,3,1,5,1,,
GPS,812,4,4,3,95,5,90,,
GPS,813,1,4,4,1,4,4,,
GPS,814,2,2,1,2,3,3,,
GPS,815,1,2,3,4,4,4,,
GPS,816,4,2,3,2,1,4,,
GPS,817,1,3,3,5,3,3,,
GPS,818,3,3,3,1,3,3,,
GPS,819,2,3,2,4,4,3,,
GPS,820,4,1,2,2,5,4,,
GPS,821,2,1,1,1,2,97,,
GPS,822,3,3,3,95,3,4,,
GPS,823,3,3,4,4,4,2,,
GPS,824,4,1,1,1,3,4,,
GPS,825,4,1,1,4,4,4,,
GPS,826,1,3,1,99,4,97,,
GPS,827,2,2,1,2,3,3,,
GPS,828,1,2,4,3,1,4,,
GPS,829,1,4,1,4,2,4,,
GPS,830,4,4,1,4,4,2,,
GPS,831,2,4,3,4,4,3,,
GPS,832,4,1,1,3,4,2,,
GPS,833,2,3,3,4,4,2,,
GPS,834,1,4,2,3,4,2,,
GPS,835,1,2,1,1,5,4,,
GPS,836,3,3,2,95,4,4,,
GPS,837,3,1,1,1,5,1,,
GPS,838,2,1,1,1,5,3,,
GPS,839,2,3,2,2,2,4,,
GPS,840,3,3,2,2,4,3,,
GPS,841,2,1,1,2,3,97,,
GPS,842,1,2,2,4,3,3,,
GPS,843,3,3,3,4,4,5,,
GPS,844,4,1,2,1,4,2,,
GPS,845,4,2,2,95,1,5,,
GPS,846,3,1,2,1,5,4,,
GPS,847,3,4,4,5,2,3,,
GPS,848,1,3,4,3,4,3,,
GPS,849,1,3,1,5,3,97,,
GPS,850,2,2,2,3,4,97,,
GPS,851,1,3,4,3,3,5,,
GPS,852,4,2,2,95,5,1,,
GPS,853,2,2,1,1,3,3,,
GPS,854,4,2,1,2,4,97,,
GPS,855,1,2,1,95,2,4,,
GPS,856,4,3,2,2,5,4,,
GPS,857,3,4,2,95,4,97,,
GPS,858,2,1,2,3,3,3,,
GPS,859,3,2,2,3,2,3,,
GPS,860,2,3,3,2,2,4,,
GPS,861,4,2,4,4,4,5,,
GPS,862,3,2,1,4,4,3,,
GPS,863,4,4,4,4,3,2,,
GPS,864,3,3,3,5,4,5,,
GPS,865,4,1,1,4,5,1,,
GPS,866,2,3,1,1,2,5,,
GPS,867,1,4,4,5,4,4,,
GPS,868,1,3,4,4,4,2,,
GPS,869,3,4,2,4,3,2,,
GPS,870,1,4,2,95,4,3,,
GPS,871,3,4,4,3,3,3,,
GPS,872,3,3,2,3,4,2,,
GPS,873,4,3,4,95,4,4,,
GPS,874,4,3,4,4,4,3,,
GPS,875,4,2,3,95,3,97,,
GPS,876,3,1,3,1,4,2,,
GPS,877,2,1,1,3,5,97,,
GPS,878,3,4,4,5,4,4,,
GPS,879,3,1,2,1,1,3,,
GPS,880,4,2,2,4,4,90,,
GPS,881,4,2,2,3,3,5,,
GPS,882,2,1,2,2,3,97,,
GPS,883,1,2,2,5,4,5,,
GPS,884,2,3,3,95,5,3,,
GPS,885,2,1,2,1,3,97,,
GPS,886,2,2,2,3,3,90,,
GPS,887,2,1,3,1,3,97,,
GPS,888,3,1,3,2,5,2,,
GPS,889,1,2,4,2,4,3,,
GPS,890,1,4,3,95,2,4,,
GPS,891,2,1,2,2,4,3,,
GPS,892,4,2,2,3,1,5,,
GPS,893,3,2,2,3,2,4,,
GPS,894,2,3,4,4,4,3,,
GPS,895,4,2,2,95,1,4,,
GPS,896,1,2,2,4,4,3,,
GPS,897,1,2,2,3,1,3,,
GPS,898,4,4,1,4,3,3,,
GPS,899,1,4,4,5,3,5,,
GPS,900,2,4,4,4,4,2,,
GPS,901,4,3,2,4,4,3,,
GPS,902,2,1,1,95,4,97,,
GPS,903,2,4,3,2,4,3,,
GPS,904,3,4,2,3,4,3,,
GPS,905,3,2,2,1,4,3,,
GPS,906,3,3,2,2,4,3,,
GPS,907,3,4,3,3,3,4,,
GPS,908,1,1,1,3,2,3,,
GPS,909,3,3,4,5,4,2,,
GPS,910,2,2,2,3,4,3,,
GPS,911,3,3,3,1,5,4,,
GPS,912,2,1,3,3,4,3,,
GPS,913,4,4,2,2,3,4,,
GPS,914,2,4,2,95,3,3,,
GPS,915,1,3,3,4,3,3,,
GPS,916,3,1,2,2,3,2,,
GPS,917,3,2,2,1,5,3,,
GPS,918,1,2,3,3,4,3,,
GPS,919,3,1,1,1,2,4,,
GPS,920,4,4,2,95,3,4,,
GPS,921,1,2,2,4,4,3,,
GPS,922,3,2,2,1,3,4,,
GPS,923,1,2,2,2,1,5,,
GPS,924,3,1,2,1,3,5,,
GPS,925,1,2,2,1,4,3,,
GPS,926,2,4,3,5,4,4,,
GPS,927,4,4,2,5,3,4,,
GPS,928,1,4,2,4,3,4,,
GPS,929,1,2,2,3,1,5,,
GPS,930,2,1,2,95,3,3,,
GPS,931,3,4,4,4,4,1,,
GPS,932,1,3,2,1,3,4,,
GPS,933,4,2,2,3,5,4,,
GPS,934,1,3,1,3,4,2,,
GPS,935,2,1,1,1,3,3,,
GPS,936,3,1,3,1,5,2,,
GPS,937,4,2,2,2,3,2,,
GPS,938,1,4,3,95,3,4,,
GPS,939,2,1,2,3,3,3,,
GPS,940,2,2,3,5,4,1,,
GPS,941,4,2,1,2,4,4,,
GPS,942,4,2,3,1,4,4,,
GPS,943,2,3,3,4,4,3,,
GPS,944,2,1,1,1,4,3,,
GPS,945,3,3,4,2,2,3,,
GPS,946,2,1,2,2,4,3,,
GPS,947,2,1,1,4,3,4,,
GPS,948,3,4,4,95,4,5,,
GPS,949,3,4,2,1,3,3,,
GPS,950,1,2,4,4,4,2,,
GPS,951,4,2,1,2,3,4,,
GPS,952,1,1,1,1,3,3,,
GPS,953,4,3,4,3,3,4,,
GPS,954,1,4,1,3,5,97,,
GPS,955,2,2,4,1,4,2,,
GPS,956,1,3,3,95,3,4,,
GPS,957,1,4,2,5,4,2,,
GPS,958,3,4,1,1,4,3,,
GPS,959,4,1,3,2,2,4,,
GPS,960,4,1,3,4,4,2,,
GPS,961,3,2,2,1,2,3,,
GPS,962,4,4,2,4,4,3,,
GPS,963,4,3,3,4,3,2,,
GPS,964,2,2,4,95,5,2,,
GPS,965,2,1,2,4,4,3,,
GPS,966,2,1,2,4,5,4,,
GPS,967,2,1,1,5,3,3,,
GPS,968,2,1,2,1,3,97,,
GPS,969,2,1,3,4,4,1,,
GPS,970,4,2,4,4,4,2,,
GPS,971,2,2,3,95,4,4,,
GPS,972,2,4,3,3,4,90,,
GPS,973,4,2,2,1,5,2,,
GPS,974,2,1,3,2,4,2,,
GPS,975,4,1,4,95,4,3,,
GPS,976,1,3,3,95,3,4,,
GPS,977,3,2,3,1,1,4,,
GPS,978,4,2,2,2,1,5,,
GPS,979,2,1,3,2,5,2,,
GPS,980,1,1,4,3,4,3,,
GPS,981,2,1,2,3,4,2,,
GPS,982,1,3,4,3,4,2,,
GPS,983,1,2,4,4,5,1,,
GPS,984,4,2,2,2,3,3,,
GPS,985,3,1,3,2,4,3,,
GPS,986,4,1,3,1,1,5,,
GPS,987,4,1,2,4,2,90,,
GPS,988,4,1,1,2,3,97,,
GPS,989,3,2,2,3,3,4,,
GPS,990,4,2,4,3,4,2,,
GPS,991,3,1,4,1,4,2,,
GPS,992,4,1,2,3,1,97,,
GPS,993,2,2,3,2,4,3,,
GPS,994,1,2,4,95,4,2,,
GPS,995,3,3,4,95,1,4,,
GPS,996,4,2,3,3,4,2,,
GPS,997,2,3,2,1,4,4,,
GPS,998,3,3,4,5,5,1,,
GPS,999,3,2,4,4,5,1,,
GPS,1000,3,2,1,1,3,3,,
GPS,1001,3,4,4,95,2,4,,
GPS,1002,4,2,4,4,1,5,,
GPS,1003,4,4,4,4,1,5,,
GPS,1004,3,2,2,1,5,4,,
GPS,1005,3,2,2,95,3,2,,
GPS,1006,3,4,3,3,4,4,,
GPS,1007,2,3,1,5,3,4,,
GPS,1008,2,3,2,3,2,4,,
GPS,1009,1,4,2,95,3,4,,
GPS,1010,2,1,2,1,4,3,,
GPS,1011,3,4,4,2,4,2,,
GPS,1012,1,4,3,3,4,3,,
GPS,1013,2,4,2,4,3,4,,
GPS,1014,4,1,2,3,5,4,,
GPS,1015,3,2,3,2,5,3,,
GPS,1016,1,4,3,4,3,4,,
GPS,1017,4,3,3,4,4,4,,
GPS,1018,1,1,1,1,3,97,,
GPS,1019,4,4,1,3,3,3,,
GPS,1020,3,2,2,95,4,3,,
GPS,1021,1,1,1,1,3,1,,
GPS,1022,4,1,2,3,3,5,,
GPS,1023,1,4,3,2,4,3,,
GPS,1024,4,2,2,2,3,2,,
GPS,1025,3,3,2,4,5,4,,
GPS,1026,2,4,1,5,4,3,,
GPS,1027,1,1,2,4,4,3,,
GPS,1028,3,4,3,2,2,4,,
GPS,1029,2,2,4,5,3,3,,
GPS,1030,2,2,3,4,4,3,,
GPS,1031,1,2,3,1,4,2,,
GPS,1032,3,3,2,5,4,3,,
GPS,1033,1,2,2,3,2,2,,
GPS,1034,4,4,3,3,5,3,,
GPS,1035,2,4,3,95,3,97,,
GPS,1036,4,3,2,4,5,2,,
GPS,1037,4,3,2,3,3,4,,
GPS,1038,1,3,2,4,4,4,,
GPS,1039,3,4,3,95,1,4,,
GPS,1040,2,4,3,4,5,3,,
GPS,1041,1,2,4,4,4,2,,
GPS,1042,1,1,3,3,5,3,,
GPS,1043,1,2,3,1,4,1,,
GPS,1044,4,1,3,4,3,2,,
GPS,1045,2,1,3,1,3,3,,
GPS,1046,4,1,1,1,3,4,,
GPS,1047,1,1,2,1,4,3,,
GPS,1048,3,4,4,3,4,3,,
GPS,1049,2,1,2,3,3,4,,
GPS,1050,3,1,2,1,3,90,,
GPS,1051,3,2,4,4,4,2,,
GPS,1052,4,2,3,1,3,3,,
GPS,1053,1,3,1,3,5,2,,
GPS,1054,3,2,3,4,1,4,,
GPS,1055,4,2,3,95,4,3,,
GPS,1056,3,3,1,3,3,3,,
GPS,1057,1,4,3,5,4,2,,
GPS,1058,3,4,2,5,3,3,,
GPS,1059,3,2,2,2,3,3,,
GPS,1060,3,1,2,2,5,3,,
GPS,1061,1,4,2,5,4,3,,
GPS,1062,4,2,2,2,2,3,,
GPS,1063,2,1,2,4,3,3,,
GPS,1064,3,1,2,3,1,4,,
GPS,1065,4,1,4,95,4,97,,
GPS,1066,2,1,2,3,3,3,,
GPS,1067,1,3,4,4,4,3,,
GPS,1068,3,1,2,3,5,3,,
GPS,1069,4,4,2,5,2,4,,
GPS,1070,1,4,4,95,3,3,,
GPS,1071,4,4,4,4,2,3,,
GPS,1072,4,1,1,1,2,97,,
GPS,1073,4,3,2,95,4,97,,
GPS,1074,2,1,4,2,3,3,,
GPS,1075,4,4,2,5,4,4,,
GPS,1076,1,4,2,3,4,3,,
GPS,1077,3,4,4,5,3,4,,
GPS,1078,1,2,2,4,3,97,,
GPS,1079,2,4,3,4,4,97,,
GPS,1080,3,3,2,95,2,3,,
GPS,1081,4,3,2,3,3,5,,
GPS,1082,2,4,4,3,4,2,,
GPS,1083,1,2,4,4,3,3,,
GPS,1084,2,2,2,2,4,97,,
GPS,1085,3,4,1,4,4,4,,
GPS,1086,3,2,2,2,3,3,,
GPS,1087,2,2,2,1,3,97,,
GPS,1088,2,1,1,4,5,4,,
GPS,1089,1,3,2,3,98,3,,
GPS,1090,4,2,2,2,3,97,,
GPS,1091,1,2,1,2,4,4,,
GPS,1092,1,4,4,5,3,4,,
GPS,1093,1,3,2,1,3,5,,
GPS,1094,3,2,4,4,4,3,,
GPS,1095,3,1,4,2,4,4,,
GPS,1096,2,2,3,4,4,3,,
GPS,1097,1,4,4,95,5,3,,
GPS,1098,2,3,3,4,3,4,,
GPS,1099,3,4,3,3,4,4,,
GPS,1100,2,1,4,4,5,4,,
GPS,1101,4,4,2,4,3,3,,
GPS,1102,4,2,1,3,4,4,,
GPS,1103,1,2,2,2,3,3,,
GPS,1104,2,2,4,5,5,3,,
GPS,1105,1,2,3,95,4,3,,
GPS,1106,1,4,3,2,3,3,,
GPS,1107,2,2,3,5,3,3,,
GPS,1108,1,3,3,2,3,4,,
GPS,1109,3,2,2,3,4,4,,
GPS,1110,4,4,4,95,3,4,,
GPS,1111,4,2,3,4,4,4,,
GPS,1112,3,1,4,2,4,2,,
GPS,1113,1,2,2,3,3,3,,
GPS,1114,3,4,1,3,4,3,,
GPS,1115,4,4,3,1,4,5,,
GPS,1116,3,3,2,2,3,5,,
GPS,1117,3,2,3,3,3,3,,
GPS,1118,3,1,1,2,4,97,,
GPS,1119,1,4,3,95,4,3,,
GPS,1120,4,3,4,3,5,3,,
GPS,1121,2,2,3,2,4,2,,
GPS,1122,3,4,3,3,4,5,,
GPS,1123,3,2,2,4,3,4,,
GPS,1124,2,3,3,95,4,3,,
GPS,1125,3,4,1,3,4,4,,
GPS,1126,3,2,1,3,5,3,,
GPS,1127,1,1,4,4,4,3,,
GPS,1128,4,2,2,95,4,2,,
GPS,1129,2,3,4,5,4,4,,
GPS,1130,1,2,1,4,4,3,,
GPS,1131,3,2,2,3,3,4,,
GPS,1132,2,2,4,95,1,4,,
GPS,1133,2,3,2,2,3,2,,
GPS,1134,2,3,4,2,4,4,,
GPS,1135,2,1,4,3,4,3,,
GPS,1136,1,4,4,3,4,3,,
GPS,1137,3,2,2,4,3,3,,
GPS,1138,4,3,2,4,4,3,,
GPS,1139,4,1,1,2,3,97,,
GPS,1140,4,3,2,1,4,5,,
GPS,1141,2,2,4,2,5,3,,
GPS,1142,3,1,1,3,4,2,,
GPS,1143,1,3,4,95,2,4,,
GPS,1144,1,1,2,5,2,5,,
GPS,1145,2,1,3,3,4,2,,
GPS,1146,3,3,2,4,2,4,,
GPS,1147,4,2,4,5,3,5,,
GPS,1148,1,4,3,4,5,2,,
GPS,1149,3,3,2,2,3,4,,
GPS,1150,1,3,1,4,4,4,,
GPS,1151,4,1,1,95,3,4,,
GPS,1152,1,4,4,95,5,1,,
GPS,1153,1,2,4,3,4,3,,
GPS,1154,2,2,2,2,4,3,,
GPS,1155,2,4,2,5,4,4,,
GPS,1156,3,2,1,4,4,3,,
GPS,1157,1,4,3,95,5,3,,
GPS,1158,1,1,2,95,4,3,,
GPS,1159,1,1,3,4,3,5,,
GPS,1160,3,4,3,95,1,5,,
GPS,1161,4,2,2,3,3,97,,
GPS,1162,2,4,1,3,3,3,,
GPS,1163,1,2,2,3,3,97,,
GPS,1164,1,3,3,95,5,3,,
GPS,1165,2,1,1,2,5,4,,
GPS,1166,1,3,3,3,4,2,,
GPS,1167,1,2,2,95,3,5,,
GPS,1168,4,1,1,1,2,3,,
GPS,1169,2,4,2,5,5,97,,
GPS,1170,4,3,3,95,2,3,,
GPS,1171,3,1,1,3,3,97,,
GPS,1172,3,3,4,95,4,97,,
GPS,1173,3,3,2,5,4,3,,
GPS,1174,2,3,2,1,4,2,,
GPS,1175,3,1,2,95,3,3,,
GPS,1176,2,2,2,95,3,97,,
GPS,1177,4,1,3,2,4,2,,
GPS,1178,4,3,2,3,4,3,,
GPS,1179,4,1,1,1,3,97,,
GPS,1180,1,4,2,4,3,5,,
GPS,1181,2,2,4,3,4,4,,
GPS,1182,1,4,4,4,4,3,,
GPS,1183,2,4,3,5,4,97,,
GPS,1184,1,4,3,4,3,4,,
GPS,1185,4,1,3,95,5,90,,
GPS,1186,4,2,3,4,4,3,,
GPS,1187,3,4,4,5,1,4,,
GPS,1188,4,4,4,1,3,2,,
GPS,1189,4,3,2,1,4,2,,
GPS,1190,3,1,1,3,3,97,,
GPS,1191,4,1,1,1,2,5,,
GPS,1192,4,2,2,95,1,4,,
GPS,1193,1,4,4,4,4,1,,
GPS,1194,3,2,1,95,3,97,,
GPS,1195,2,1,1,1,3,97,,
GPS,1196,4,2,4,4,4,4,,
GPS,1197,3,4,4,2,4,1,,
GPS,1198,4,2,2,2,3,4,,
GPS,1199,4,2,1,2,3,2,,
GPS,1200,3,2,2,2,4,3,,
GPS,1201,4,1,2,1,4,4,,
GPS,1202,3,1,2,1,3,3,,
GPS,1203,3,4,4,3,4,2,,
GPS,1204,4,2,3,1,4,5,,
GPS,1205,2,2,3,4,4,3,,
GPS,1206,3,4,2,2,5,3,,
GPS,1207,4,2,3,3,2,3,,
GPS,1208,2,1,2,3,2,4,,
GPS,1209,4,4,4,95,4,3,,
GPS,1210,4,2,3,1,1,3,,
GPS,1211,4,3,2,2,3,4,,
GPS,1212,1,2,1,95,3,97,,
GPS,1213,2,4,2,3,4,3,,
GPS,1214,4,1,2,1,4,3,,
GPS,1215,1,4,4,95,4,2,,
GPS,1216,2,3,2,2,3,3,,
GPS,1217,1,2,2,3,3,4,,
GPS,1218,4,3,3,4,4,3,,
GPS,1219,3,4,4,5,1,4,,
GPS,1220,3,4,3,95,3,4,,
GPS,1221,1,1,1,4,3,97,,
GPS,1222,2,2,2,95,4,2,,
GPS,1223,4,4,3,4,4,3,,
GPS,1224,3,2,2,1,3,4,,
GPS,1225,4,3,2,2,3,4,,
GPS,1226,2,2,2,95,4,3,,
GPS,1227,3,2,2,3,2,4,,
GPS,1228,1,1,3,3,3,3,,
GPS,1229,3,2,4,2,5,2,,
GPS,1230,3,2,2,2,1,4,,
GPS,1231,4,4,3,2,5,2,,
GPS,1232,4,2,2,4,4,4,,
GPS,1233,3,1,2,3,3,3,,
GPS,1234,3,4,1,2,3,4,,
GPS,1235,4,1,2,2,5,97,,
GPS,1236,3,2,2,4,1,3,,
GPS,1237,2,4,4,95,4,2,,
GPS,1238,1,2,4,1,4,3,,
GPS,1239,1,1,1,2,4,4,,
GPS,1240,4,1,1,3,4,2,,
GPS,1241,4,1,3,2,3,2,,
GPS,1242,4,2,1,1,4,90,,
GPS,1243,4,1,1,2,4,97,,
GPS,1244,2,1,2,2,3,97,,
GPS,1245,2,2,3,1,3,4,,
GPS,1246,3,2,1,4,3,97,,
GPS,1247,1,4,2,5,4,2,,
GPS,1248,2,1,3,95,4,3,,
GPS,1249,3,3,4,1,1,5,,
GPS,1250,3,1,1,95,4,2,,
GPS,1251,1,2,1,5,3,2,,
GPS,1252,2,4,4,95,4,4,,
GPS,1253,3,3,2,2,4,4,,
GPS,1254,2,2,4,5,4,4,,
GPS,1255,4,1,4,4,4,2,,
GPS,1256,1,2,1,3,4,4,,
GPS,1257,4,1,2,1,4,4,,
GPS,1258,3,2,3,2,3,2,,
GPS,1259,1,4,3,3,3,3,,
GPS,1260,2,3,1,1,1,5,,
GPS,1261,2,2,1,2,4,3,,
GPS,1262,2,1,3,2,4,90,,
GPS,1263,2,4,4,95,4,4,,
GPS,1264,3,3,1,2,4,97,,
GPS,1265,3,2,3,2,4,4,,
GPS,1266,4,3,2,95,2,97,,
GPS,1267,3,2,4,4,3,3,,
GPS,1268,2,3,2,4,3,3,,
GPS,1269,2,3,2,95,2,97,,
GPS,1270,4,4,1,5,4,3,,
GPS,1271,3,4,2,4,4,4,,
GPS,1272,2,4,4,95,3,3,,
GPS,1273,3,4,4,5,3,2,,
GPS,1274,3,2,1,1,4,97,,
GPS,1275,1,3,4,95,3,4,,
GPS,1276,2,3,2,1,2,3,,
GPS,1277,1,2,2,95,4,2,,
GPS,1278,3,2,3,3,3,4,,
GPS,1279,4,1,3,3,4,2,,
GPS,1280,4,2,1,3,4,2,,
GPS,1281,2,2,2,4,1,5,,
GPS,1282,1,4,1,4,5,3,,
GPS,1283,3,4,3,3,2,5,,
GPS,1284,2,3,2,3,4,4,,
GPS,1285,1,3,4,95,4,2,,
GPS,1286,2,4,2,4,4,4,,
GPS,1287,3,3,3,5,4,3,,
GPS,1288,4,2,1,5,4,2,,
GPS,1289,2,2,2,95,5,3,,
GPS,1290,4,3,1,3,3,4,,
GPS,1291,4,2,4,5,4,3,,
GPS,1292,1,4,1,3,2,97,,
GPS,1293,1,3,2,2,2,5,,
GPS,1294,4,2,3,95,1,5,,
GPS,1295,2,4,4,3,3,3,,
GPS,1296,3,1,2,2,3,4,,
GPS,1297,4,4,3,5,1,4,,
GPS,1298,3,3,2,3,3,97,,
GPS,1299,3,1,2,1,98,4,,
GPS,1300,1,1,4,2,5,2,,
GPS,1301,4,1,1,2,4,4,,
GPS,1302,3,3,1,2,4,3,,
GPS,1303,4,2,4,95,3,3,,
GPS,1304,4,2,4,4,5,3,,
GPS,1305,3,1,4,3,4,3,,
GPS,1306,4,3,4,4,3,3,,
GPS,1307,4,2,1,95,3,3,,
GPS,1308,3,2,4,4,5,1,,
GPS,1309,1,4,1,5,98,97,,
GPS,1310,2,1,1,2,3,1,,
GPS,1311,2,2,4,3,5,1,,
GPS,1312,3,2,2,1,4,4,,
GPS,1313,3,2,4,5,5,3,,
GPS,1314,3,1,4,95,4,5,,
GPS,1315,2,2,2,1,4,4,,
GPS,1316,2,3,1,4,3,4,,
GPS,1317,4,3,3,3,4,1,,
GPS,1318,1,1,4,1,3,97,,
GPS,1319,3,2,2,1,1,5,,
GPS,1320,4,1,1,4,4,3,,
GPS,1321,1,2,1,1,4,3,,
GPS,1322,2,4,4,95,5,97,,
GPS,1323,3,3,3,2,1,3,,
GPS,1324,4,3,3,1,3,4,,
GPS,1325,1,3,3,95,2,4,,
GPS,1326,1,1,2,1,4,2,,
GPS,1327,1,2,1,1,4,3,,
GPS,1328,2,3,1,1,3,97,,
GPS,1329,3,1,2,1,1,5,,
GPS,1330,4,2,2,3,4,3,,
GPS,1331,4,2,3,1,1,5,,
GPS,1332,3,4,1,1,4,3,,
GPS,1333,2,3,4,5,2,4,,
GPS,1334,2,4,2,95,3,3,,
GPS,1335,2,1,2,2,4,2,,
GPS,1336,1,1,1,2,3,3,,
GPS,1337,2,2,3,4,1,4,,
GPS,1338,4,3,1,1,1,5,,
GPS,1339,3,1,2,1,4,4,,
GPS,1340,1,3,2,5,3,97,,
GPS,1341,1,4,2,1,4,3,,
